date,sport,mkt,won,odds,units,profit,pMkt,pHat,edgeVsMkt,agsV12,conviction,top2MinusMean,edge,clvTop2,isRank,isSharp,hcMargin,topUnopp,topVsTop,deltaQ,isMLB,isSOC,hcTier,agsTier
2026-06-01,MLB,ml,1,-155,3,2.08,0.6078,0.5254,-0.0824,0.9756,1.51,0.69,,63.69,0,0,2,1,0,2,1,0,UNTIERED,PREMIUM
2026-06-01,MLB,ml,1,135,1,1.35,0.4255,0.495,0.0695,0.9437,1.3175,0.6325,17.7124,63.33,0,0,2,1,0,1,1,0,UNTIERED,LOCK
2026-06-01,MLB,ml,1,160,2.5,2.73,0.3846,0.5814,0.1967,0.9736,1.05,0.345,8.8833,63.7,0,0,-1,1,0,1,1,0,UNTIERED,PREMIUM
2026-06-01,MLB,ml,0,-142,0.5,-0.5,0.5868,0.526,-0.0608,0.8995,1.43,0,11.2599,58.9,0,0,0,1,0,0,1,0,UNTIERED,LEAN
2026-06-01,MLB,total,0,-116,1,-1,0.537,0.6091,0.0721,0.9611,1.1933,0.2717,,71.38,0,0,0,1,0,2,1,0,UNTIERED,LOCK
2026-06-01,MLB,total,0,-110,5,-5,0.5238,0.5414,0.0176,0.9858,0.905,0,16.8704,62.51,0,0,0,1,0,0,1,0,UNTIERED,ELITE
2026-06-01,MLB,total,1,-110,3,2.73,0.5238,0.6398,0.116,0.9833,1.225,0.76,,73.62,0,0,1,1,0,4,1,0,UNTIERED,PREMIUM
2026-06-02,MLB,ml,0,-215,0.25,-0.25,0.6825,0.1887,-0.4939,0.1394,12.0233,5.1367,2.9604,68.89,0,0,0,1,0,-1,1,0,UNTIERED,WEAK
2026-06-02,MLB,ml,1,130,2.5,3.13,0.4348,0.5761,0.1413,0.9899,1.105,0,17.9267,59.45,0,0,0,1,0,1,1,0,UNTIERED,ELITE
2026-06-02,MLB,ml,1,100,0.5,0.49,0.5,0.5308,0.0308,0.9387,0.415,0,,62.79,0,0,0,1,0,0,1,0,UNTIERED,LEAN
2026-06-02,MLB,ml,0,-112,1,-1,0.5283,0.5655,0.0372,0.9684,0.45,0,,58.9,0,0,0,1,0,1,1,0,UNTIERED,LOCK
2026-06-02,MLB,ml,0,-106,1,-1,0.5146,0.5258,0.0113,0.9684,0.49,0,,58.9,0,0,0,1,0,0,1,0,UNTIERED,LOCK
2026-06-02,MLB,ml,0,102,2.5,-2.5,0.495,0.6262,0.1312,0.9878,0.68,0.275,,67.03,0,0,-1,1,0,2,1,0,UNTIERED,ELITE
2026-06-02,MLB,total,0,-117,1,-1,0.5392,0.5108,-0.0284,0.95,0.32,0,7.1023,71.53,0,0,0,1,0,-1,1,0,UNTIERED,LOCK
2026-06-02,MLB,total,1,-110,3,2.73,0.5238,0.5489,0.0251,0.9783,0.25,0,,60,0,0,0,0,0,1,1,0,UNTIERED,PREMIUM
2026-06-02,MLB,total,0,-110,3,-3,0.5238,0.5489,0.0251,0.9783,0.23,0,,60,0,0,0,0,0,1,1,0,UNTIERED,PREMIUM
2026-06-02,NHL,total,1,-110,5,4.35,0.5238,0.6107,0.0869,0.9843,0.93,0,,65.32,0,0,2,1,0,2,0,0,UNTIERED,ELITE
2026-06-03,MLB,ml,1,-150,0.5,0.33,0.6,0.5623,-0.0377,0.8808,2.298,2.007,,74.02,0,0,1,1,0,4,1,0,UNTIERED,LEAN
2026-06-03,MLB,ml,1,134,1,1.16,0.4274,0.5602,0.1329,0.96,0.52,0,17.2177,60.53,0,0,-1,1,0,0,1,0,UNTIERED,LOCK
2026-06-03,MLB,ml,1,125,1,1.25,0.4444,0.5696,0.1251,0.9585,0.595,0,16.0469,66.28,0,0,-1,1,0,0,1,0,UNTIERED,LOCK
2026-06-03,MLB,ml,0,167,1.5,-1.5,0.3745,0.4926,0.1181,0.9746,0.83,0,7.4808,60.53,0,0,0,1,0,-1,1,0,UNTIERED,PREMIUM
2026-06-03,MLB,ml,0,-103,0.5,-0.5,0.5074,0.5398,0.0324,0.9339,0.9367,0.1983,,65.82,0,0,1,1,0,1,1,0,UNTIERED,LEAN
2026-06-03,MLB,ml,1,119,0.5,0.59,0.4566,0.4916,0.035,0.9203,0.265,0,17.3186,59.05,0,0,0,1,0,-1,1,0,UNTIERED,LEAN
2026-06-03,MLB,ml,0,-137,3,-3,0.5781,0.5343,-0.0438,0.9763,0.89,0,10.7935,60.53,0,0,0,1,0,0,1,0,UNTIERED,PREMIUM
2026-06-03,MLB,ml,1,-215,5,2.33,0.6825,0.6345,-0.0481,0.9914,2.85,0,26.9545,60.53,0,0,1,1,0,3,1,0,UNTIERED,ELITE
2026-06-03,MLB,ml,1,-112,3,2.68,0.5283,0.489,-0.0393,0.978,0.96,0,,60.53,0,0,0,1,0,-1,1,0,UNTIERED,PREMIUM
2026-06-03,MLB,ml,1,-139,0.5,0.34,0.5816,0.5346,-0.047,0.7362,1.39,0,19.0598,67.76,0,0,0,1,0,0,1,0,UNTIERED,LEAN
2026-06-03,NBA,ml,0,-198,0.25,-0.25,0.6644,0.4909,-0.1736,0.4624,3.0964,4.3686,6.5295,73.96,0,0,4,0,1,6,0,0,UNTIERED,WEAK
2026-06-03,MLB,spread,1,-111,1,0.83,0.5261,0.5884,0.0623,0.961,0.91,0,-3.6842,62.16,0,0,0,0,0,2,1,0,UNTIERED,LOCK
2026-06-03,NBA,spread,1,-104,0.25,0.24,0.5098,0.6422,0.1324,0.3911,0.4913,0.7388,-5.9447,70.17,0,0,-1,1,0,3,0,0,UNTIERED,WEAK
2026-06-03,MLB,total,0,-110,3,-3,0.5238,0.5372,0.0134,0.9679,0.26,0,19.4737,70.83,0,0,0,0,0,0,1,0,UNTIERED,PREMIUM
2026-06-03,MLB,total,0,-110,5,-5,0.5238,0.6094,0.0856,0.9837,0.39,0,-6.6254,74.16,0,0,0,0,0,2,1,0,UNTIERED,ELITE
2026-06-03,MLB,total,0,-110,0.25,-0.25,0.5238,0.5066,-0.0172,0.2275,0.35,0.1,-9.7278,61.71,0,0,1,0,0,2,1,0,UNTIERED,WEAK
2026-06-03,MLB,total,1,-110,2.5,2.52,0.5238,0.5516,0.0278,0.9724,0.83,0,5.1393,72.03,0,0,0,1,0,0,1,0,UNTIERED,PREMIUM
2026-06-03,MLB,total,1,-110,5,4.55,0.5238,0.5534,0.0295,0.9832,0.55,0,,62.5,0,0,0,0,0,1,1,0,UNTIERED,ELITE
2026-06-03,MLB,total,0,-110,2.5,-2.5,0.5238,0.5516,0.0278,0.9717,0.81,0,5.1393,72.03,0,0,0,1,0,0,1,0,UNTIERED,PREMIUM
2026-06-04,MLB,ml,1,104,0.5,0.52,0.4902,0.5712,0.081,0.9231,0.41,0,-0.8376,64.1,0,0,0,1,0,1,1,0,UNTIERED,LEAN
2026-06-04,MLB,ml,0,102,1,-1,0.495,0.571,0.0759,0.9659,0.59,0,,62.2,0,0,0,1,0,1,1,0,UNTIERED,LOCK
2026-06-04,MLB,ml,1,118,2.5,2.95,0.4587,0.5721,0.1133,0.9939,1.31,0,29.6772,67.21,0,0,1,1,0,1,1,0,UNTIERED,ELITE
2026-06-04,MLB,ml,1,-131,5,3.52,0.5671,0.5955,0.0284,0.9918,0.74,0,29.6772,67.21,0,0,0,1,0,1,1,0,UNTIERED,ELITE
2026-06-04,MLB,ml,1,105,0.25,0.24,0.4878,0.4669,-0.0209,0.1814,0.2,0,,44.12,0,0,0,0,0,1,1,0,UNTIERED,WEAK
2026-06-04,MLB,ml,1,-210,1,0.47,0.6774,0.5501,-0.1274,0.952,0.3367,0.0983,23.8639,69.76,0,0,0,1,0,0,1,0,UNTIERED,LOCK
2026-06-04,MLB,ml,0,-188,1,-1,0.6528,0.5352,-0.1175,0.9694,0.66,0,7.3342,62.2,0,0,0,1,0,0,1,0,UNTIERED,LOCK
2026-06-04,MLB,ml,0,-235,0.5,-0.5,0.7015,0.4564,-0.2451,0.8048,1.19,1.305,,69.76,0,0,0,1,0,0,1,0,UNTIERED,LEAN
2026-06-04,NHL,ml,1,-160,0.25,0.16,0.6154,0.5255,-0.0899,0.5378,1.1833,0.5567,,70.18,0,0,0,1,0,0,0,0,UNTIERED,WEAK
2026-06-04,MLB,spread,0,-111,5,-5,0.5261,0.5332,0.0071,0.9929,4.89,0,25.1208,68.18,0,0,0,0,0,0,1,0,UNTIERED,ELITE
2026-06-04,MLB,total,0,-110,1,-1,0.5238,0.5934,0.0696,0.9617,0.8633,0.3617,27.1853,66.5,0,0,-1,1,0,1,1,0,UNTIERED,LOCK
2026-06-04,MLB,total,1,-110,3,2.73,0.5238,0.5902,0.0664,0.9741,0.215,0,28.1362,64.97,0,0,0,1,0,1,1,0,UNTIERED,PREMIUM
2026-06-04,MLB,total,0,-110,5,-5,0.5238,0.5963,0.0725,0.9869,0.29,0,13.1313,72.22,0,0,0,1,0,1,1,0,UNTIERED,ELITE
2026-06-05,MLB,ml,0,-144,0.25,-0.25,0.5902,0.5882,-0.002,0.3083,1.365,0,1.7324,65.41,0,0,1,1,0,3,1,0,UNTIERED,WEAK
2026-06-05,MLB,ml,1,128,0.5,0.64,0.4386,0.7151,0.2765,0.9308,0.7,0,18.4211,68.75,0,0,0,0,0,5,1,0,UNTIERED,LEAN
2026-06-05,MLB,ml,1,-136,0.5,0.37,0.5763,0.6351,0.0588,0.8864,1.4633,0.6117,15.8445,51.87,0,0,0,1,0,4,1,0,UNTIERED,LEAN
2026-06-05,MLB,ml,0,-122,5,-5,0.5495,0.5726,0.023,0.9949,1.28,0,24.2833,68.96,0,0,1,1,0,1,1,0,UNTIERED,ELITE
2026-06-05,MLB,ml,1,-171,5,2.72,0.631,0.4914,-0.1396,0.9946,1.8033,0.7667,,68.96,0,0,2,1,0,1,1,0,UNTIERED,ELITE
2026-06-05,MLB,ml,1,-188,1,0.51,0.6528,0.6123,-0.0405,0.9582,1.06,0,,64.28,0,0,0,1,0,2,1,0,UNTIERED,LOCK
2026-06-05,MLB,ml,0,-105,1,-1,0.5122,0.5311,0.0189,0.959,0.17,0,,62.07,0,0,0,1,0,0,1,0,UNTIERED,LOCK
2026-06-05,MLB,ml,1,-141,1,0.7,0.5851,0.6643,0.0792,0.9461,0.9933,0.4267,,69.93,0,0,2,1,0,5,1,0,UNTIERED,LOCK
2026-06-05,MLB,ml,0,-172,1,-1,0.6324,0.4912,-0.1412,0.959,0.12,0,,62.07,0,0,0,1,0,-1,1,0,UNTIERED,LOCK
2026-06-05,MLB,ml,1,-129,3,2.17,0.5633,0.5812,0.0178,0.9721,1.81,0,5.6856,68.75,0,0,1,0,0,2,1,0,UNTIERED,PREMIUM
2026-06-05,NBA,ml,0,-230,0.25,-0.25,0.697,0.4047,-0.2923,0.1895,3.787,3.188,13.9733,81.55,0,0,2,1,0,2,0,0,UNTIERED,WEAK
2026-06-05,MLB,spread,1,126,0.5,0.63,0.4425,0.5593,0.1168,0.9058,0.42,0,,68.75,0,0,0,0,0,1,1,0,UNTIERED,LEAN
2026-06-05,NBA,spread,0,-106,0.25,-0.25,0.5146,0.5435,0.029,0.0831,0.3667,0.1433,8.3886,69.72,0,0,0,0,0,1,0,0,UNTIERED,WEAK
2026-06-05,MLB,total,1,-110,3,2.83,0.5238,0.5803,0.0565,0.9758,0.36,0,,64.71,0,0,-1,0,0,1,1,0,UNTIERED,PREMIUM
2026-06-05,MLB,total,1,-110,0.5,0.44,0.5238,0.6027,0.0789,0.898,0.71,0.37,,73.04,0,0,0,1,0,2,1,0,UNTIERED,LEAN
2026-06-05,MLB,total,1,-110,2.5,2.5,0.5238,0.535,0.0112,0.997,1.9,0,19.9713,71.43,0,0,1,1,0,0,1,0,UNTIERED,ELITE
2026-06-05,MLB,total,1,-110,5,4.39,0.5238,0.5776,0.0538,0.9883,1.65,0,5.1282,73.25,0,0,-1,1,0,0,1,0,UNTIERED,ELITE
2026-06-06,MLB,ml,1,-126,3,2.38,0.5575,0.5318,-0.0257,0.9812,1.32,0,5.8916,60.54,0,0,0,1,0,0,1,0,UNTIERED,PREMIUM
2026-06-06,MLB,ml,0,-130,0.5,-0.5,0.5652,0.4812,-0.084,0.8745,1.22,0,12.3153,67.79,0,0,0,0,0,-1,1,0,UNTIERED,LEAN
2026-06-06,MLB,ml,1,-350,3,0.86,0.7778,0.5595,-0.2183,0.9738,1.7,0,20.4917,63.51,0,0,1,1,0,1,1,0,UNTIERED,PREMIUM
2026-06-06,MLB,ml,1,-123,5,4.07,0.5516,0.5233,-0.0283,0.9952,1.15,0,,67.79,0,0,0,0,0,0,1,0,UNTIERED,ELITE
2026-06-06,MLB,ml,0,117,2.5,-2.5,0.4608,0.6488,0.188,0.989,0.345,0,13.5448,65.84,0,0,-1,0,1,1,1,0,UNTIERED,ELITE
2026-06-06,MLB,ml,0,-154,5,-5,0.6063,0.5395,-0.0668,0.9939,1.7367,0.4133,16.5488,66.27,0,0,1,1,0,1,1,0,UNTIERED,ELITE
2026-06-06,MLB,total,1,-110,0.25,0.23,0.5238,0.5287,0.0049,0.5946,1.05,0,7.7949,72.79,0,0,0,1,0,0,1,0,UNTIERED,WEAK
2026-06-06,MLB,total,1,-110,3,2.73,0.5238,0.5079,-0.0159,0.9748,0.68,0,,59.68,0,0,0,0,0,0,1,0,UNTIERED,PREMIUM
2026-06-06,MLB,total,1,-110,3,2.73,0.5238,0.505,-0.0188,0.9692,0.73,0,,69.71,0,0,0,1,0,-1,1,0,UNTIERED,PREMIUM
2026-06-06,MLB,total,0,-110,1,-1,0.5238,0.4049,-0.1189,0.9661,0.41,0,,59.68,0,0,1,0,0,-2,1,0,UNTIERED,LOCK
2026-06-06,MLB,total,0,-110,5,-5,0.5238,0.5633,0.0395,0.989,0.2,0,,67.79,0,0,0,0,0,1,1,0,UNTIERED,ELITE
2026-06-06,MLB,total,0,-110,2.5,-2.5,0.5238,0.5554,0.0316,0.989,0.24,0,9.66,72,0,0,0,1,0,0,1,0,UNTIERED,ELITE
2026-06-06,MLB,total,1,-110,3,2.75,0.5238,0.5746,0.0508,0.9783,1.0833,0.4817,,71,0,0,1,1,0,2,1,0,UNTIERED,PREMIUM
2026-06-06,MLB,total,0,-110,1,-1,0.5238,0.5496,0.0258,0.9602,0.6,0,,61.25,0,0,0,0,0,1,1,0,UNTIERED,LOCK
2026-06-07,MLB,ml,1,-130,3,2.21,0.5652,0.575,0.0097,0.9755,1.02,0,19.2313,58.97,0,0,0,1,0,1,1,0,UNTIERED,PREMIUM
2026-06-07,MLB,ml,1,-143,5,3.5,0.5885,0.5786,-0.0099,0.9864,0.12,0,,65.57,0,0,0,1,0,1,1,0,UNTIERED,ELITE
2026-06-07,MLB,ml,1,-136,1,0.72,0.5763,0.535,-0.0413,0.9637,0.68,0,19.2313,58.97,0,0,0,1,0,0,1,0,UNTIERED,LOCK
2026-06-07,MLB,ml,1,-165,3,1.76,0.6226,0.48,-0.1426,0.9701,2.4867,0.9083,,68.54,0,0,2,1,0,1,1,0,UNTIERED,PREMIUM
2026-06-07,MLB,ml,1,-107,0.25,0.21,0.5169,0.4696,-0.0474,0.4375,0.535,0,6.5835,66.25,0,0,0,0,1,-2,1,0,UNTIERED,WEAK
2026-06-07,MLB,ml,0,-210,0.25,-0.25,0.6774,0.4796,-0.1978,0.6673,1.015,0,15.5945,62.73,0,0,0,1,0,-1,1,0,UNTIERED,WEAK
2026-06-07,MLB,ml,0,158,0.5,-0.5,0.3876,0.5226,0.135,0.8667,0.2033,0.0767,,63.36,0,0,0,1,0,0,1,0,UNTIERED,LEAN
2026-06-07,MLB,ml,0,-105,1,-1,0.5122,0.532,0.0198,0.9512,0.14,0,14.0741,58.97,0,0,0,1,0,0,1,0,UNTIERED,LOCK
2026-06-07,MLB,ml,1,102,0.5,0.45,0.495,0.4553,-0.0397,0.9024,1.2,0,,55.56,0,0,0,0,0,-1,1,0,UNTIERED,LEAN
2026-06-07,MLB,ml,1,103,0.25,0.28,0.4926,0.5233,0.0307,0.2365,1.29,0,-10.3439,77.08,0,0,0,0,0,1,1,0,UNTIERED,WEAK
2026-06-07,MLB,ml,1,-102,1,0.98,0.505,0.5288,0.0238,0.9609,0.63,0,6.9592,58.97,0,0,0,1,0,0,1,0,UNTIERED,LOCK
2026-06-07,MLB,ml,1,-127,0.5,0.38,0.5595,0.5452,-0.0143,0.743,1.755,0,6.5835,66.25,0,0,1,0,1,0,1,0,UNTIERED,LEAN
2026-06-07,MLB,spread,1,-152,3,1.94,0.6032,0.5784,-0.0248,0.9732,0.31,0,,66.03,0,0,0,1,0,1,1,0,UNTIERED,PREMIUM
2026-06-07,MLB,total,0,-112,0.5,-0.5,0.5283,0.526,-0.0023,0.8658,0.3075,0.2375,,70.68,0,0,0,1,0,0,1,0,UNTIERED,LEAN
2026-06-07,MLB,total,0,-110,3,-3,0.5238,0.5441,0.0203,0.9732,0.72,0,,69.11,0,0,0,1,0,0,1,0,UNTIERED,PREMIUM
2026-06-07,MLB,total,0,-110,3,-3,0.5238,0.4782,-0.0456,0.9708,0.345,0,,56.41,0,0,1,0,0,0,1,0,UNTIERED,PREMIUM
2026-06-07,MLB,total,1,-115,0.25,0.22,0.5349,0.569,0.0341,0.6113,1.82,0,,63.64,0,0,0,0,0,2,1,0,UNTIERED,WEAK
2026-06-07,MLB,total,0,-110,0.5,-0.5,0.5238,0.4922,-0.0316,0.8784,0.86,0,,77.08,0,0,0,0,0,-1,1,0,UNTIERED,LEAN
2026-06-07,MLB,total,1,-110,1,0.91,0.5238,0.4386,-0.0852,0.9643,6.56,2.495,15.1044,68.99,0,0,0,1,0,1,1,0,UNTIERED,LOCK
2026-06-07,MLB,total,0,-110,5,-5,0.5238,0.527,0.0032,0.9873,0.51,0,7.8125,67.72,0,0,0,0,0,0,1,0,UNTIERED,ELITE
2026-06-07,MLB,total,0,-110,3,-3,0.5238,0.6025,0.0786,0.9738,0.3667,0.0433,5.1339,66.65,0,0,-1,1,0,1,1,0,UNTIERED,PREMIUM
2026-06-07,MLB,total,1,-110,5,4.85,0.5238,0.5798,0.056,0.9884,0.625,0,6.6836,64.59,0,0,0,1,0,1,1,0,UNTIERED,ELITE
2026-06-07,MLB,total,1,-110,0.5,0.45,0.5238,0.5325,0.0087,0.8843,0.91,0,,77.08,0,0,0,0,0,0,1,0,UNTIERED,LEAN
2026-06-08,MLB,ml,0,-113,3,-3,0.5305,0.6658,0.1353,0.9739,1.2817,0.7233,,66.48,0,0,1,1,0,5,1,0,UNTIERED,PREMIUM
2026-06-08,MLB,ml,1,-129,3,2.27,0.5633,0.6282,0.0649,0.9776,0.6475,0.1825,12.7974,75.34,0,0,0,1,0,2,1,0,UNTIERED,PREMIUM
2026-06-08,MLB,ml,1,-121,3,2.31,0.5475,0.5907,0.0432,0.9769,1.01,0,7.868,62.09,0,0,1,1,0,2,1,0,UNTIERED,PREMIUM
2026-06-08,MLB,ml,1,-146,3,2,0.5935,0.5711,-0.0224,0.968,0.82,0.315,9.8212,70.04,0,0,0,1,0,1,1,0,UNTIERED,PREMIUM
2026-06-08,MLB,ml,0,-118,1,-1,0.5413,0.5628,0.0215,0.9527,1.02,0.75,-3.8401,72.79,0,0,0,0,0,2,1,0,UNTIERED,LOCK
2026-06-08,MLB,ml,1,151,1.5,2.27,0.3984,0.5168,0.1184,0.9833,0.31,0,18.4211,68.13,0,0,-1,0,0,-1,1,0,UNTIERED,PREMIUM
2026-06-08,NBA,ml,0,-132,0.25,-0.25,0.569,0.2644,-0.3045,0.0863,3.6009,8.8691,5.0326,73.32,0,0,2,0,1,6,0,0,UNTIERED,WEAK
2026-06-08,NBA,spread,1,-110,5,4.35,0.5238,0.6304,0.1066,0.9895,1.31,0,,65.65,0,0,2,0,0,3,0,0,UNTIERED,ELITE
2026-06-08,MLB,total,0,-110,3,-3,0.5238,0.6006,0.0768,0.9833,0.19,0,-3.9062,68.13,0,0,0,0,0,2,1,0,UNTIERED,PREMIUM
2026-06-08,MLB,total,1,-116,2.5,2.55,0.537,0.5922,0.0552,0.9752,0.83,0,6.9754,67.97,0,0,-2,1,0,0,1,0,UNTIERED,PREMIUM
2026-06-08,MLB,total,1,101,2.5,2.52,0.4975,0.4758,-0.0217,0.9905,0.98,0,,63.64,0,0,0,0,0,-1,1,0,UNTIERED,ELITE
2026-06-08,NBA,total,0,-107,1,-1,0.5169,0.5019,-0.015,0.9478,0.9333,0.3017,,66.25,0,0,0,0,0,-1,0,0,UNTIERED,LOCK
2026-06-09,MLB,ml,0,132,0.25,-0.25,0.431,0.4785,0.0475,0.3653,0.818,0.652,-0.3319,75.3,0,0,0,0,1,-1,1,0,UNTIERED,WEAK
2026-06-09,MLB,ml,0,-148,0.5,-0.5,0.5968,0.5745,-0.0223,0.8947,0.45,0.115,,70.65,0,0,0,1,0,1,1,0,UNTIERED,LEAN
2026-06-09,MLB,ml,0,-116,1,-1,0.537,0.4278,-0.1092,0.969,1.1325,0.4875,,64.97,0,0,0,1,0,-2,1,0,UNTIERED,LOCK
2026-06-09,MLB,ml,0,-143,1,-1,0.5885,0.565,-0.0235,0.9623,0.42,0,,58.82,0,0,0,1,0,1,1,0,UNTIERED,LOCK
2026-06-09,MLB,ml,1,-122,5,4.1,0.5495,0.6084,0.0589,0.9915,1.04,0,,62.67,0,0,1,0,0,3,1,0,UNTIERED,ELITE
2026-06-09,MLB,ml,0,-120,0.25,-0.25,0.5455,0.5041,-0.0413,0.0176,0.07,0,-1.7483,58.82,0,0,0,0,1,0,1,0,UNTIERED,WEAK
2026-06-09,MLB,ml,0,-107,1,-1,0.5169,0.5712,0.0543,0.9623,0.1,0,12.2517,58.82,0,0,0,1,0,1,1,0,UNTIERED,LOCK
2026-06-09,MLB,ml,1,-105,5,4.76,0.5122,0.5595,0.0473,0.9898,1.06,0,,52.63,0,0,-1,0,0,1,1,0,UNTIERED,ELITE
2026-06-09,MLB,ml,0,115,2.5,-2.5,0.4651,0.5701,0.105,0.9769,0.83,0,9.2214,58.82,0,0,0,1,0,1,1,0,UNTIERED,PREMIUM
2026-06-09,MLB,ml,1,-116,0.5,0.43,0.537,0.6247,0.0876,0.895,1.0933,0.4567,,66.78,0,0,0,1,0,3,1,0,UNTIERED,LEAN
2026-06-09,MLB,ml,1,100,2.5,2.5,0.5,0.5312,0.0312,0.9928,1.51,0,6.25,52.63,0,0,2,0,0,2,1,0,UNTIERED,ELITE
2026-06-09,MLB,ml,0,102,1,-1,0.495,0.5352,0.0402,0.9609,0.6367,0.2633,-3.1721,74.17,0,0,0,1,0,0,1,0,UNTIERED,LOCK
2026-06-09,MLB,ml,0,-119,1,-1,0.5434,0.6126,0.0692,0.9623,0.25,0,18.392,58.82,0,0,0,1,0,2,1,0,UNTIERED,LOCK
2026-06-09,MLB,spread,1,-117,3,2.56,0.5392,0.5033,-0.0358,0.9733,0.74,0,19.3846,63.24,0,0,0,1,0,-1,1,0,UNTIERED,PREMIUM
2026-06-09,NHL,spread,1,215,1,2.15,0.3175,0.5883,0.2708,0.9735,0.54,0,,70.57,0,0,0,1,0,0,0,0,UNTIERED,PREMIUM
2026-06-09,MLB,total,1,-110,5,4.35,0.5238,0.563,0.0392,0.989,0.23,0,12.3543,75.61,0,0,0,1,0,0,1,0,UNTIERED,ELITE
2026-06-09,MLB,total,0,-110,1,-1,0.5238,0.4728,-0.051,0.9552,0.65,0,,63.16,0,0,0,0,0,-1,1,0,UNTIERED,LOCK
2026-06-09,MLB,total,1,-110,0.5,0.45,0.5238,0.554,0.0302,0.7986,0.87,0,14.5256,75.61,0,0,0,0,1,-1,1,0,UNTIERED,LEAN
2026-06-09,MLB,total,1,-110,3,2.73,0.5238,0.5577,0.0339,0.9772,0.455,0,8.8462,62.67,0,0,0,0,0,1,1,0,UNTIERED,PREMIUM
2026-06-09,MLB,total,1,-110,5,4.55,0.5238,0.4913,-0.0325,0.9961,2.22,0,,63.64,0,0,1,0,0,0,1,0,UNTIERED,ELITE
2026-06-09,NHL,total,0,-110,5,-5,0.5238,0.6942,0.1704,0.9887,0.78,0,,67.75,0,0,0,1,0,3,0,0,UNTIERED,ELITE
2026-06-10,MLB,ml,0,-148,3,-3,0.5968,0.5447,-0.0521,0.984,0.39,0,28.2051,61.04,0,0,0,1,0,0,1,0,UNTIERED,PREMIUM
2026-06-10,MLB,ml,0,136,1,-1,0.4237,0.6588,0.2351,0.947,1.0757,0.7443,-0.9089,73.04,0,0,0,1,0,4,1,0,UNTIERED,LOCK
2026-06-10,MLB,ml,0,-172,1,-1,0.6324,0.5599,-0.0725,0.9591,1.155,0,,56.39,0,0,0,1,0,1,1,0,UNTIERED,LOCK
2026-06-10,MLB,ml,0,136,0.5,-0.5,0.4237,0.4595,0.0358,0.918,0.14,0,22.1226,73.1,0,0,0,0,0,-2,1,0,UNTIERED,LEAN
2026-06-10,MLB,ml,1,-117,0.25,0.21,0.5392,0.6006,0.0614,0.7202,1.34,0,-3.2056,65.63,0,0,0,0,1,1,1,0,UNTIERED,WEAK
2026-06-10,MLB,ml,1,178,1,1.66,0.3597,0.5347,0.1749,0.9262,0.56,0,12.3112,73.1,0,0,0,0,0,0,1,0,UNTIERED,LOCK
2026-06-10,MLB,ml,0,-104,5,-5,0.5098,0.5308,0.021,0.9922,1.03,0,,61.04,0,0,0,1,0,0,1,0,UNTIERED,ELITE
2026-06-10,MLB,ml,1,148,1,1.46,0.4032,0.533,0.1297,0.9324,0.26,0,21.0321,58.33,0,0,0,1,0,0,1,0,UNTIERED,LOCK
2026-06-10,MLB,ml,1,103,2.5,2.58,0.4926,0.4393,-0.0533,0.984,0.515,0,,54.45,0,0,0,1,0,-2,1,0,UNTIERED,PREMIUM
2026-06-10,MLB,ml,0,-127,1,-1,0.5595,0.4886,-0.0708,0.9324,0.43,0,12.4348,58.33,0,0,0,1,0,-1,1,0,UNTIERED,LOCK
2026-06-10,MLB,ml,1,-120,1,0.83,0.5455,0.5632,0.0177,0.9521,0.72,0,,58.33,0,0,0,1,0,1,1,0,UNTIERED,LOCK
2026-06-10,MLB,ml,0,-106,5,-5,0.5146,0.6597,0.1451,0.9933,1.26,0,6.3437,67.56,0,0,0,1,0,3,1,0,UNTIERED,ELITE
2026-06-10,NBA,ml,0,112,0.25,-0.25,0.4717,0.3753,-0.0964,0.3519,2.9367,1.6733,13.1203,68.75,0,0,0,0,1,-3,0,0,UNTIERED,WEAK
2026-06-10,MLB,total,0,-110,3,-3,0.5238,0.6114,0.0876,0.9685,0.355,0,,63.02,0,0,0,1,0,2,1,0,UNTIERED,PREMIUM
2026-06-10,MLB,total,1,-110,1,0.91,0.5238,0.4692,-0.0546,0.9299,0.65,0,,62.07,0,0,0,0,0,-1,1,0,UNTIERED,LOCK
2026-06-10,MLB,total,1,-110,5,4.55,0.5238,0.5552,0.0314,0.9943,1.13,0,,52.38,0,0,0,1,0,1,1,0,UNTIERED,ELITE
2026-06-10,MLB,total,0,-110,5,-5,0.5238,0.5553,0.0315,0.9871,0.48,0,,52.38,0,0,0,1,0,1,1,0,UNTIERED,ELITE
2026-06-10,MLB,total,1,-110,5,4.55,0.5238,0.5944,0.0705,0.9887,0.57,0,,52.38,0,0,0,1,0,2,1,0,UNTIERED,ELITE
2026-06-10,MLB,total,1,-110,3,2.73,0.5238,0.62,0.0962,0.9677,0.4633,0.1517,,73.26,0,0,0,1,0,2,1,0,UNTIERED,PREMIUM
2026-06-10,MLB,total,1,-110,3,2.97,0.5238,0.6014,0.0776,0.9806,0.12,0,16.0123,74.55,0,0,0,1,0,1,1,0,UNTIERED,PREMIUM
2026-06-10,MLB,total,0,-110,3,-3,0.5238,0.531,0.0072,0.984,0.1,0,,61.04,0,0,0,1,0,0,1,0,UNTIERED,PREMIUM
2026-06-10,MLB,total,0,-110,5,-5,0.5238,0.6676,0.1438,0.9946,1.03,0,-2.4606,76.79,0,0,1,0,0,4,1,0,UNTIERED,ELITE
2026-06-10,NBA,total,1,-108,0.25,0.24,0.5192,0.6106,0.0914,0.7689,0.9017,1.2583,-1.895,68.57,0,0,1,0,0,4,0,0,UNTIERED,WEAK
2026-06-11,MLB,ml,0,112,1,-1,0.4717,0.5351,0.0634,0.9208,0.4,0.1,7.8653,78.04,0,0,0,0,0,0,1,0,UNTIERED,LOCK
2026-06-11,MLB,ml,1,-167,0.5,0.29,0.6255,0.6069,-0.0185,0.84,0.375,0,15.6844,69.98,0,0,-1,1,0,1,1,0,UNTIERED,LEAN
2026-06-11,MLB,ml,0,-111,0.5,-0.5,0.5261,0.481,-0.045,0.913,0.19,0,,58.15,0,0,0,1,0,-1,1,0,UNTIERED,LEAN
2026-06-11,MLB,ml,1,-131,5,3.82,0.5671,0.6094,0.0423,0.996,1.59,0,15.4412,48,0,0,1,1,0,3,1,0,UNTIERED,ELITE
2026-06-11,MLB,ml,1,100,1,0.99,0.5,0.5272,0.0272,0.9508,2.49,0.75,-15.156,66.19,0,0,0,0,1,0,1,0,UNTIERED,LOCK
2026-06-11,MLB,total,1,-110,0.25,0.23,0.5238,0.3993,-0.1245,0.2868,2.0467,0.5033,4.6491,71.61,0,0,-1,0,0,-2,1,0,UNTIERED,WEAK
2026-06-12,MLB,ml,1,-114,5,4.39,0.5327,0.547,0.0143,0.9924,0.95,0,17.4837,42.86,0,0,0,1,0,1,1,0,UNTIERED,ELITE
2026-06-12,MLB,ml,0,-110,3,-3,0.5238,0.5522,0.0284,0.9778,0.4,0,1.7974,50.46,0,0,0,1,0,1,1,0,UNTIERED,PREMIUM
2026-06-12,MLB,ml,1,-210,0.5,0.24,0.6774,0.5534,-0.124,0.8077,0.36,0,,58.09,0,0,0,1,0,1,1,0,UNTIERED,LEAN
2026-06-12,MLB,ml,0,111,0.25,-0.25,0.4739,0.5477,0.0738,0.7646,1.5333,0.4767,,68.44,0,0,1,1,0,2,1,0,UNTIERED,WEAK
2026-06-12,MLB,ml,1,-114,1,0.91,0.5327,0.6584,0.1257,0.9523,2.265,0,-3.6458,60.66,0,0,0,1,0,2,1,0,UNTIERED,LOCK
2026-06-12,MLB,ml,1,123,2.5,3.08,0.4484,0.5319,0.0835,0.996,1.39,0,7.1307,77.97,0,0,1,0,0,-1,1,0,UNTIERED,ELITE
2026-06-12,MLB,ml,0,-138,3,-3,0.5798,0.6321,0.0523,0.9613,1.48,0,19.4444,58.12,0,0,0,1,0,0,1,0,UNTIERED,PREMIUM
2026-06-12,MLB,ml,0,118,0.25,-0.25,0.4587,0.5043,0.0456,0.5681,0.555,0,3.1996,55.8,0,0,0,0,1,-1,1,0,UNTIERED,WEAK
2026-06-12,MLB,ml,1,-136,1,0.68,0.5763,0.614,0.0377,0.9155,1.065,0,,58.09,0,0,0,1,0,2,1,0,UNTIERED,LOCK
2026-06-12,MLB,ml,1,-134,0.5,0.37,0.5726,0.5899,0.0172,0.8522,0.6667,0.2183,,62.21,0,0,0,1,0,3,1,0,UNTIERED,LEAN
2026-06-12,MLB,spread,0,121,1,-1,0.4525,0.4798,0.0274,0.9202,0.33,0,,64.78,0,0,0,1,0,0,1,0,UNTIERED,LOCK
2026-06-12,MLB,spread,1,-107,0.5,0.43,0.5169,0.5573,0.0404,0.8798,0.7367,0.2683,,60.66,0,0,0,1,0,2,1,0,UNTIERED,LEAN
2026-06-12,MLB,spread,0,-106,1,-1,0.5146,0.6075,0.0929,0.9482,0.49,0,20.4861,63.27,0,0,0,1,0,1,1,0,UNTIERED,LOCK
2026-06-12,MLB,total,0,100,1,-1,0.5,0.4885,-0.0115,0.9383,0.05,0,3.826,73.14,0,0,0,0,0,0,1,0,UNTIERED,LOCK
2026-06-12,MLB,total,1,-110,3,2.73,0.5238,0.5355,0.0117,0.9563,0.72,0,8.0323,73.14,0,0,-1,0,0,0,1,0,UNTIERED,PREMIUM
2026-06-12,MLB,total,1,-110,3,2.73,0.5238,0.5636,0.0398,0.9717,0.26,0,,49.78,0,0,0,1,0,1,1,0,UNTIERED,PREMIUM
2026-06-13,MLB,ml,0,-128,5,-5,0.5614,0.6069,0.0455,0.9818,0.67,0.285,11.9487,60.21,0,0,0,1,0,2,1,0,UNTIERED,ELITE
2026-06-13,MLB,ml,1,-102,3,2.94,0.505,0.563,0.0581,0.9621,0.94,0,,62.39,0,0,0,1,0,1,1,0,UNTIERED,PREMIUM
2026-06-13,MLB,ml,1,-118,0.25,0.21,0.5413,0.5998,0.0585,0.4491,1.81,0,10.7904,58.02,0,0,0,1,0,1,1,0,UNTIERED,WEAK
2026-06-13,MLB,ml,0,136,2.5,-2.5,0.4237,0.6069,0.1832,0.9645,1.65,0,-1.3761,69.23,0,0,0,0,0,1,1,0,UNTIERED,PREMIUM
2026-06-13,MLB,ml,1,134,2.5,3.35,0.4274,0.6908,0.2635,0.9879,0.73,0,11.9048,40,0,0,0,1,0,2,1,0,UNTIERED,ELITE
2026-06-13,MLB,ml,0,114,2.5,-2.5,0.4673,0.5459,0.0786,0.9643,1,0,5.0866,62.39,0,0,0,1,0,0,1,0,UNTIERED,PREMIUM
2026-06-13,MLB,ml,0,-157,3,-3,0.6109,0.5647,-0.0462,0.9671,2.4067,0.8083,18.3021,67.99,0,0,0,1,0,0,1,0,UNTIERED,PREMIUM
2026-06-13,MLB,ml,1,-115,5,4.35,0.5349,0.6739,0.139,0.9942,1.54,0,14.3136,40,0,0,1,1,0,0,1,0,UNTIERED,ELITE
2026-06-13,MLB,ml,1,-112,1,0.85,0.5283,0.5512,0.0229,0.9358,0.7,0,,61,0,0,0,1,0,1,1,0,UNTIERED,LOCK
2026-06-13,NBA,ml,0,-205,0.25,-0.25,0.6721,0.1245,-0.5476,0.3024,3.3433,6.5967,-10.8452,75.71,0,0,6,0,0,4,0,0,UNTIERED,WEAK
2026-06-13,MLB,spread,0,123,1,-1,0.4484,0.5345,0.0861,0.931,0.47,0,,62.39,0,0,0,1,0,1,1,0,UNTIERED,LOCK
2026-06-13,MLB,spread,1,-130,1,0.77,0.5652,0.5164,-0.0488,0.931,0.13,0,,62.39,0,0,0,1,0,1,1,0,UNTIERED,LOCK
2026-06-13,MLB,spread,1,-120,1,0.82,0.5455,0.544,-0.0015,0.9284,0.58,0,,61,0,0,0,1,0,1,1,0,UNTIERED,LOCK
2026-06-13,MLB,spread,0,-106,1,-1,0.5146,0.5017,-0.0129,0.939,0.57,0,,62.39,0,0,0,1,0,0,1,0,UNTIERED,LOCK
2026-06-13,MLB,total,1,-110,5,4.55,0.5238,0.5069,-0.0169,0.9884,0.59,0,-3.75,69.23,0,0,0,0,0,0,1,0,UNTIERED,ELITE
2026-06-13,MLB,total,1,-110,3,2.73,0.5238,0.5613,0.0375,0.9609,0.91,0,,62.39,0,0,0,1,0,1,1,0,UNTIERED,PREMIUM
2026-06-13,MLB,total,1,101,1,1.01,0.4975,0.4912,-0.0063,0.918,0.18,0,3.1169,72.88,0,0,0,0,0,0,1,0,UNTIERED,LOCK
2026-06-13,MLB,total,1,-110,0.5,0.48,0.5238,0.5282,0.0044,0.871,0.195,0,5.79,64.34,0,0,0,1,0,1,1,0,UNTIERED,LEAN
2026-06-13,MLB,total,0,-110,5,-5,0.5238,0.5786,0.0548,0.9863,0.28,0,20.9211,69.23,0,0,0,0,0,0,1,0,UNTIERED,ELITE
2026-06-14,MLB,ml,0,106,1,-1,0.4854,0.5018,0.0163,0.931,2.705,1.8,15.4754,68.54,0,0,1,1,0,1,1,0,UNTIERED,LOCK
2026-06-14,MLB,ml,1,-124,0.25,0.19,0.5536,0.4674,-0.0862,0.3454,0.9967,0.3683,-6.8753,68.54,0,0,0,0,1,1,1,0,UNTIERED,WEAK
2026-06-14,MLB,ml,0,-192,5,-5,0.6575,0.5804,-0.0771,0.9846,0.71,0,,50,0,0,0,0,0,0,1,0,UNTIERED,ELITE
2026-06-14,MLB,ml,0,106,2.5,-2.5,0.4854,0.4949,0.0094,0.9643,0.12,0,,57.36,0,0,0,1,0,0,1,0,UNTIERED,PREMIUM
2026-06-14,MLB,ml,1,-125,1,0.77,0.5556,0.5613,0.0057,0.9353,1.148,0.747,12.4555,68.84,0,0,1,1,0,2,1,0,UNTIERED,LOCK
2026-06-14,MLB,ml,0,-101,3,-3,0.5025,0.5483,0.0458,0.9643,0.1,0,15.13,57.36,0,0,0,1,0,0,1,0,UNTIERED,PREMIUM
2026-06-14,MLB,ml,1,-115,0.25,0.21,0.5349,0.493,-0.0419,0.7222,0.3033,0.0717,,62.51,0,0,0,1,0,1,1,0,UNTIERED,WEAK
2026-06-14,NHL,ml,1,-115,0.25,0.22,0.5349,0.4882,-0.0467,0.2304,1.335,0,-4.1667,72.61,0,0,1,0,1,0,0,0,UNTIERED,WEAK
2026-06-14,MLB,spread,0,-180,5,-5,0.6429,0.5413,-0.1015,0.982,0.16,0,1.1628,68.78,0,0,0,0,0,1,1,0,UNTIERED,ELITE
2026-06-14,MLB,spread,0,-116,3,-3,0.537,0.6186,0.0815,0.9647,0.71,0,,62.77,0,0,0,0,0,2,1,0,UNTIERED,PREMIUM
2026-06-14,MLB,spread,1,-158,1,0.62,0.6124,0.4967,-0.1157,0.9461,0.355,0,2.8968,61.93,0,0,-1,1,0,0,1,0,UNTIERED,LOCK
2026-06-14,MLB,total,0,-110,3,-3,0.5238,0.5388,0.015,0.9643,0.21,0,,57.36,0,0,0,1,0,1,1,0,UNTIERED,PREMIUM
2026-06-14,NHL,total,1,-110,5,4.42,0.5238,0.4781,-0.0457,0.9851,0.76,0,,80,0,0,0,1,0,0,0,0,UNTIERED,ELITE
2026-06-15,MLB,ml,1,-132,3,2.21,0.569,0.6175,0.0485,0.8946,1.8167,0.4533,,68.54,0,0,1,1,0,3,1,0,MINI,LEAN
2026-06-15,MLB,spread,1,-114,3,2.86,0.5327,0.5873,0.0546,0.9678,1.09,0,,56.72,0,0,0,1,0,1,1,0,MINI,PREMIUM
2026-06-16,MLB,ml,1,-163,4,2.38,0.6198,0.4781,-0.1416,0.9769,3.9183,4.2867,21.075,72.44,0,0,3,1,0,5,1,0,TOP,PREMIUM
2026-06-16,MLB,ml,1,-135,6,4.48,0.5745,0.4683,-0.1061,0.9753,1.1867,0.5383,-9.2882,70.02,0,0,2,0,0,0,1,0,SUPER,PREMIUM
2026-06-16,MLB,ml,1,-174,4,2.29,0.635,0.5187,-0.1164,0.839,0.7775,0.4775,2.095,70.19,0,0,1,1,0,2,1,0,TOP,LEAN
2026-06-16,MLB,ml,0,-161,4,-4,0.6169,0.6155,-0.0014,0.7781,1.7133,0.5967,-0.1955,56.77,0,0,1,1,0,3,1,0,TOP,LEAN
2026-06-16,MLB,total,0,-110,3,-3,0.5238,0.606,0.0822,0.9727,0.675,0,,56.06,0,0,0,1,0,2,1,0,MINI,PREMIUM
2026-06-16,MLB,total,0,-110,3,-3,0.5238,0.6039,0.0801,0.9862,0.8133,0.3417,18.1003,56.06,0,0,0,1,0,1,1,0,MINI,ELITE
2026-06-17,MLB,ml,1,100,2.5,2.5,0.5,0.6249,0.1249,0.9827,1.05,0,,53.75,0,0,0,0,0,1,1,0,MINI,ELITE
2026-06-17,MLB,ml,0,-123,3,-3,0.5516,0.6222,0.0706,0.9845,1.18,0,9.1282,55.12,0,0,0,0,0,0,1,0,MINI,ELITE
2026-06-17,MLB,total,1,-110,3,2.73,0.5238,0.6249,0.1011,0.9827,1.05,0,,53.75,0,0,0,0,0,1,1,0,MINI,ELITE
2026-06-17,MLB,total,1,-110,3,2.73,0.5238,0.6326,0.1088,0.9848,1.2,0,,53.75,0,0,0,0,0,1,1,0,MINI,ELITE
2026-06-17,MLB,total,0,-110,3,-3,0.5238,0.518,-0.0059,0.9801,6.26,2.78,,72.26,0,0,0,1,0,1,1,0,MINI,ELITE
2026-06-18,MLB,ml,0,-141,4,-4,0.5851,0.6108,0.0258,0.9742,1.105,0,15.0222,67.12,0,0,1,0,0,0,1,0,TOP,PREMIUM
2026-06-18,MLB,ml,1,108,2.5,2.58,0.4808,0.3523,-0.1284,0.9602,1.4722,3.5678,8.2576,75.94,0,0,1,0,0,4,1,0,TOP,PREMIUM
2026-06-18,MLB,total,1,-110,3,2.73,0.5238,0.6632,0.1394,0.9543,0.745,0,17.7364,54.69,0,0,0,0,0,1,1,0,MINI,PREMIUM
2026-06-18,MLB,total,1,-110,3,2.78,0.5238,0.4871,-0.0367,0.9603,0.77,0.42,-6.235,72.9,0,0,0,0,0,1,1,0,MINI,PREMIUM
2026-06-19,MLB,ml,1,-163,4,2.38,0.6198,0.5664,-0.0534,0.9759,0.97,0.39,8.5998,67.16,0,0,-1,0,0,1,1,0,TOP,PREMIUM
2026-06-19,MLB,spread,1,-111,4,3.08,0.5261,0.536,0.0099,0.9594,0.7867,0.3233,7.2615,54.14,0,0,1,1,0,0,1,0,TOP,PREMIUM
2026-06-19,MLB,spread,1,-115,3,2.54,0.5349,0.5599,0.025,0.9495,0.8933,0.0917,,69.62,0,0,0,0,0,1,1,0,MINI,LOCK
2026-06-19,MLB,total,0,-110,3,-3,0.5238,0.628,0.1042,0.9817,1.08,0,,53.11,0,0,0,0,0,1,1,0,MINI,ELITE
2026-06-19,MLB,total,0,-110,3,-3,0.5238,0.6141,0.0903,0.9522,1.2133,0.5167,19.2288,64.18,0,0,0,0,0,1,1,0,MINI,PREMIUM
2026-06-20,MLB,ml,0,-200,4,-4,0.6667,0.7223,0.0556,0.9645,2.36,0,,38.48,0,0,0,0,0,1,1,0,TOP,PREMIUM
2026-06-20,MLB,ml,1,-190,4,2.02,0.6552,0.5912,-0.064,0.9434,1.1867,0.3733,6.3492,62.98,0,0,1,0,0,1,1,0,TOP,LOCK
2026-06-20,MLB,ml,1,-137,3,2.19,0.5781,0.6384,0.0603,0.9781,1.26,0,,52.43,0,0,0,0,0,1,1,0,MINI,ELITE
2026-06-20,MLB,total,1,-110,2,1.82,0.5238,0.495,-0.0288,0.9542,0.445,0,,60.28,1,0,0,0,0,-1,1,0,RANK,PREMIUM
2026-06-21,MLB,ml,0,-226,3,-3,0.6933,0.672,-0.0213,0.9392,0.985,0,12.2835,61.95,0,0,0,0,0,2,1,0,MINI,LOCK
2026-06-21,MLB,ml,1,-178,3,1.61,0.6403,0.4767,-0.1636,0.9638,0.5425,0.3875,10.1996,80.79,0,0,0,0,0,0,1,0,MINI,PREMIUM
2026-06-21,MLB,total,1,100,2.5,2.52,0.5,0.5066,0.0066,0.9636,2.1175,1.7575,8.293,74.48,0,0,1,0,0,2,1,0,TOP,PREMIUM
2026-06-21,MLB,total,0,-110,3,-3,0.5238,0.5805,0.0567,0.96,3.04,1.345,0.3109,69.02,0,0,0,0,0,2,1,0,MINI,PREMIUM
2026-06-22,MLB,ml,1,-124,3,2.29,0.5536,0.5913,0.0377,0.9909,1.16,0,,68.57,0,0,0,0,0,1,1,0,MINI,ELITE
2026-06-22,MLB,total,0,-110,3,-3,0.5238,0.6252,0.1014,0.9617,0.97,0,5.9642,58.86,0,0,0,0,0,1,1,0,MINI,PREMIUM
2026-06-22,MLB,total,1,-110,3,2.73,0.5238,0.6253,0.1015,0.9592,1.03,0,,52.24,0,0,0,0,0,1,1,0,MINI,PREMIUM
2026-06-22,MLB,total,1,-110,3,2.73,0.5238,0.5174,-0.0064,0.9857,0.48,0.185,,63.77,0,0,0,1,0,1,1,0,MINI,ELITE
2026-06-22,MLB,total,1,-104,4,3.85,0.5098,0.5465,0.0367,0.9215,1.6433,0.7517,20.7792,65.69,0,0,1,1,0,0,1,0,TOP,LOCK
2026-06-23,MLB,ml,0,-108,3,-3,0.5192,0.5711,0.0518,0.9757,1.445,1.235,,74.47,0,0,0,0,0,4,1,0,MINI,PREMIUM
2026-06-23,MLB,ml,0,-133,3,-3,0.5708,0.5745,0.0036,0.9729,1.01,0.18,-2.1588,61.43,0,0,0,0,0,1,1,0,MINI,PREMIUM
2026-06-23,MLB,total,0,-110,2.5,-2.5,0.5238,0.62,0.0962,0.9057,1,0,,51.47,0,0,0,0,0,1,1,0,MINI,LOCK
2026-06-24,MLB,ml,0,-132,3,-3,0.569,0.6596,0.0906,0.9642,1.15,0,7.1429,50.68,0,0,0,0,0,1,1,0,MINI,PREMIUM
2026-06-24,MLB,ml,1,152,4,5.8,0.3968,0.954,0.5572,0.9773,0.54,0,,65.07,1,0,0,1,0,2,1,0,RANK,PREMIUM
2026-06-24,SOC,ml,1,-525,4,1.14,0.84,0.3753,-0.4647,0.9811,1.6343,2.8857,,72.5,0,0,1,0,0,2,0,1,TOP,PREMIUM
2026-06-24,MLB,total,1,-110,4,3.64,0.5238,0.9094,0.3856,0.9687,2.3475,1.6175,,73.47,1,0,-1,0,0,1,1,0,RANK,PREMIUM
2026-06-24,MLB,total,0,-110,3,-3,0.5238,0.5369,0.013,0.9609,1.05,0,,50.68,0,0,0,0,0,1,1,0,MINI,PREMIUM
2026-06-24,MLB,total,0,-110,4,-4,0.5238,0.9625,0.4387,0.7783,0.575,0.035,,70.93,1,0,0,0,0,4,1,0,RANK,LEAN
2026-06-25,SOC,ml,0,-110,1,-1,0.5238,0.3429,-0.1809,0.9393,4.8086,9.0114,,83.73,0,0,7,1,0,10,0,1,CONFIRMED,LOCK
2026-06-25,SOC,ml,1,-700,4,0.53,0.875,0.5415,-0.3335,0.9929,0.856,0.704,,71.47,0,0,1,0,0,1,0,1,TOP,ELITE
2026-06-25,SOC,ml,0,-105,4,-4,0.5122,0.2437,-0.2684,0.6314,8.6829,14.2021,,83.73,1,0,4,1,0,4,0,1,RANK,WEAK
2026-06-25,MLB,spread,0,114,4,-4,0.4673,0.9416,0.4743,0.9882,0.845,0,-7.0954,59.85,1,0,0,0,0,1,1,0,RANK,ELITE
2026-06-25,MLB,total,1,-110,4,3.64,0.5238,0.9272,0.4034,0.9677,0.215,0,,59.85,1,0,0,0,0,0,1,0,RANK,PREMIUM
2026-06-26,MLB,ml,1,-120,4,3.33,0.5455,0.936,0.3906,0.9709,0.505,0,,53.83,1,0,0,0,0,1,1,0,RANK,PREMIUM
2026-06-26,SOC,ml,1,-600,4,0.8,0.8571,0.9356,0.0785,0.9881,0.5833,0.0967,50,68.19,1,0,0,1,0,-1,0,1,RANK,ELITE
2026-06-26,SOC,ml,1,-200,6,4.14,0.6667,0.1503,-0.5164,0.8112,3.0029,7.9821,,75.56,0,0,2,1,0,6,0,1,SUPER,LEAN
2026-06-26,SOC,ml,1,-155,4,1.6,0.6078,0.8031,0.1953,0.5604,2.3892,7.2508,,68.79,1,0,2,1,0,9,0,1,RANK,WEAK
2026-06-26,SOC,ml,0,150,1.5,-1.5,0.4,0.6772,0.2772,0.807,2.3967,0.0683,,82.56,0,0,2,1,0,0,0,1,SUPER,LEAN
2026-06-26,SOC,ml,0,135,1.5,-1.5,0.4255,0.4237,-0.0018,0.6937,0.825,0,,68.27,0,1,2,0,0,-4,0,1,SHARP-PRIME,WEAK
2026-06-26,MLB,spread,0,110,2.5,-2.5,0.4762,0.6144,0.1382,0.9834,1.2067,0.1783,16.1364,59.15,0,0,1,0,0,2,1,0,TOP+,PREMIUM
2026-06-26,MLB,total,0,-110,4,-4,0.5238,0.7254,0.2016,0.9966,5.03,0,,68.3,0,0,1,0,0,1,1,0,TOP,ELITE
2026-06-27,MLB,ml,0,-155,3,-3,0.6078,0.571,-0.0369,0.5278,3.07,0,4.8991,57.79,0,1,2,0,0,-1,1,0,SHARP,WEAK
2026-06-27,MLB,ml,1,-112,4,3.64,0.5283,0.9417,0.4134,0.5273,0.6775,0.4225,,66.44,1,0,1,0,0,2,1,0,RANK,WEAK
2026-06-27,MLB,ml,0,114,1,-1,0.4673,0.5417,0.0744,0.9849,0.6733,0.2417,,68.73,0,0,0,0,0,1,1,0,MINI-,ELITE
2026-06-27,MLB,ml,0,-104,4,-4,0.5098,0.4563,-0.0535,0.927,0.225,0,,45.56,0,1,0,0,0,0,1,0,SHARP-PRIME,LOCK
2026-06-27,MLB,ml,1,-123,4,3.25,0.5516,0.5676,0.016,0.9046,0.66,0.275,-5.5609,85.03,0,1,0,0,0,1,1,0,SHARP-PRIME,LOCK
2026-06-27,MLB,ml,0,-178,4,-4,0.6403,0.9481,0.3078,0.9686,0.6867,0.0883,13.7504,67.88,1,0,0,1,0,1,1,0,RANK,PREMIUM
2026-06-27,SOC,ml,1,-500,4,0.76,0.8333,0.5842,-0.2491,0.9957,2.1967,0.8783,,69.6,0,0,1,1,0,1,0,1,TOP,ELITE
2026-06-27,SOC,ml,1,-575,5,0.8,0.8519,0.5533,-0.2986,0.9922,1.4167,2.0433,49.4286,63.94,0,0,1,1,0,4,0,1,TOP+,ELITE
2026-06-27,SOC,ml,1,-122,3,2.5,0.5495,0.5041,-0.0455,0.4672,1.5911,2.5039,,70.6,0,1,3,0,0,4,0,1,SHARP,WEAK
2026-06-27,SOC,ml,1,-125,5,3.33,0.5556,0.5344,-0.0211,0.8385,0.9167,0.3283,,62.3,0,0,1,1,0,0,0,1,TOP+,LEAN
2026-06-27,MLB,spread,1,-204,4,2.29,0.6711,0.9426,0.2716,0.9699,0.31,0,,60.15,1,0,0,1,0,1,1,0,RANK,PREMIUM
2026-06-27,MLB,total,0,-104,4,-4,0.5098,0.9486,0.4388,0.3812,1.445,0.425,,74.27,1,0,1,0,0,2,1,0,RANK,WEAK
2026-06-28,MLB,ml,0,1210,5,-5,0.0763,0.5758,0.4995,0.9797,1.0733,0.4817,12.8419,66.1,0,0,1,1,0,1,1,0,TOP+,PREMIUM
2026-06-28,MLB,ml,1,115,4,4.4,0.4651,0.9422,0.4771,0.9708,0.58,0,-6.4343,65.43,1,0,0,0,0,1,1,0,RANK,LOCK
2026-06-28,SOC,ml,1,-142,1,0.69,0.5868,0.7898,0.203,0.9885,2.7439,5.5461,16.8119,78.38,0,0,3,0,1,17,0,1,CONFIRMED,ELITE
2026-06-28,MLB,spread,0,-149,3,-3,0.5984,0.5317,-0.0667,0.9153,1,0,,50.55,0,0,0,0,0,1,1,0,MINI,LEAN
2026-06-28,MLB,spread,1,-168,4,2.11,0.6269,0.9449,0.318,0.9711,1.775,0,,59.95,1,0,0,1,0,0,1,0,RANK,LOCK
2026-06-28,MLB,total,1,-110,1,0.96,0.5238,0.5434,0.0196,0.8956,0.5933,0.2067,,71.69,0,0,0,0,0,1,1,0,MINI-,LEAN
2026-06-28,MLB,total,1,-110,4,3.64,0.5238,0.5435,0.0197,0.9677,1.16,0,,56.41,0,0,1,0,0,0,1,0,TOP,LOCK
2026-06-28,MLB,total,0,-110,4,-4,0.5238,0.9223,0.3985,0.9771,0.59,0.215,,56.41,1,0,0,0,0,0,1,0,RANK,PREMIUM
2026-06-28,MLB,total,0,-104,4,-4,0.5098,0.9418,0.432,0.976,0.94,0.395,9.7209,65.81,1,0,0,1,0,1,1,0,RANK,PREMIUM
2026-06-29,MLB,ml,1,-131,4,3.05,0.5671,0.9273,0.3602,0.1304,1.055,0,,56.5,1,0,0,0,0,1,1,0,RANK,WEAK
2026-06-29,SOC,ml,1,-145,4,3.08,0.5918,0.8077,0.2158,0.5882,1.4253,2.3347,4.2178,69.37,0,1,2,0,1,12,0,1,SHARP-PRIME,WEAK
2026-06-29,SOC,ml,0,-265,5,-5,0.726,0.2048,-0.5212,0.8582,4.49,6.74,,73.06,0,0,3,1,0,3,0,1,TOP+,LEAN
2026-06-29,MLB,total,1,-110,3,2.63,0.5238,0.5206,-0.0032,0.8527,0.5173,0.2873,,68.01,0,0,0,0,0,1,1,0,MINI,LEAN
2026-06-29,MLB,total,1,-110,4,3.64,0.5238,0.4841,-0.0397,0.2693,0.5033,0.1767,0.9968,72.41,0,1,0,1,0,0,1,0,SHARP-PRIME,WEAK
2026-06-30,MLB,ml,1,120,4,5,0.4545,0.939,0.4844,0.9791,0.685,0,-6.3502,57.39,1,0,0,0,0,1,1,0,RANK,PREMIUM
2026-06-30,MLB,ml,0,163,1.5,-1.5,0.3802,0.5834,0.2032,0.9789,0.8,0.295,,71.21,0,0,0,0,0,2,1,0,MINI,PREMIUM
2026-06-30,MLB,ml,1,-128,4,2.96,0.5614,0.509,-0.0524,0.7017,0.7733,0.2617,-0.3078,83.93,0,0,1,0,0,-1,1,0,TOP,LEAN
2026-06-30,MLB,ml,0,-109,3,-3,0.5215,0.547,0.0255,0.9188,1.45,0,,50.54,0,0,0,0,0,1,1,0,MINI,LOCK
2026-06-30,MLB,ml,1,-114,3,2.68,0.5327,0.4805,-0.0522,0.5108,0.88,0.805,2.5668,88.77,0,1,2,0,0,-1,1,0,SHARP,WEAK
2026-06-30,MLB,ml,0,110,4,-4,0.4762,0.9411,0.4649,0.9706,0.33,0,,65.87,1,0,0,0,0,1,1,0,RANK,PREMIUM
2026-06-30,MLB,ml,1,117,2.5,2.92,0.4608,0.5925,0.1317,0.9724,0.8183,0.7917,,69.78,0,0,1,0,0,3,1,0,TOP+,PREMIUM
2026-06-30,SOC,ml,1,129,2.5,3.13,0.4367,0.0617,-0.3749,0.6881,3.36,7.66,,68.78,0,0,2,1,0,-1,0,1,TOP,LEAN
2026-06-30,SOC,ml,1,105,4,4.6,0.4878,0.9529,0.4651,0.5282,2.1878,2.5922,,71.09,1,0,4,1,0,5,0,1,RANK,WEAK
2026-06-30,SOC,ml,1,-350,1,0.29,0.7778,0.6811,-0.0967,0.9922,1.4213,1.3538,-5.9891,61.22,0,0,3,0,1,4,0,1,CONFIRMED,ELITE
2026-06-30,MLB,spread,1,-160,4,2.45,0.6154,0.9376,0.3222,0.9544,1.285,0.665,8.7934,66.17,1,0,0,1,0,1,1,0,RANK,PREMIUM
2026-06-30,MLB,total,1,-110,4,3.64,0.5238,0.5689,0.0451,0.918,1.3367,0.3783,,83.93,0,0,1,0,0,0,1,0,TOP,LOCK
2026-06-30,MLB,total,0,-110,5,-5,0.5238,0.6704,0.1466,0.9742,1.562,0.788,,66.35,0,0,2,0,0,4,1,0,TOP+,PREMIUM
2026-06-30,MLB,total,1,-110,1,0.89,0.5238,0.5656,0.0418,0.9821,1.6067,0.2533,,66.17,0,0,0,0,0,1,1,0,MINI-,PREMIUM
2026-06-30,MLB,total,1,103,5,4.46,0.4926,0.5253,0.0327,0.9353,2.7355,0.5345,11.1833,66.17,0,0,1,0,0,-1,1,0,TOP+,LOCK
2026-06-30,MLB,total,0,-110,5,-5,0.5238,0.5219,-0.002,0.6399,1.3,0.555,,64.14,0,0,1,0,0,1,1,0,TOP+,LEAN
2026-06-30,MLB,total,1,-110,2.5,2.58,0.5238,0.5522,0.0284,0.9396,0.8325,0.3525,14.0398,66.17,0,0,0,1,0,1,1,0,MINI,LOCK
2026-07-01,MLB,ml,1,-160,6,3.7,0.6154,0.6879,0.0725,0.9749,2.525,2.485,9.9369,88.68,0,0,4,1,0,5,1,0,SUPER,PREMIUM
2026-07-01,MLB,ml,0,-134,5,-5,0.5726,0.5388,-0.0338,0.9853,1.3075,1.0325,,66.49,0,0,1,0,0,2,1,0,TOP+,ELITE
2026-07-01,MLB,ml,1,119,4,4.88,0.4566,0.9509,0.4942,0.9449,0.63,0.23,,67.89,1,0,0,1,0,2,1,0,RANK,LOCK
2026-07-01,MLB,ml,0,124,2.5,-2.5,0.4464,0.4954,0.0489,0.5167,2.2757,2.0543,-12.7692,73.93,0,1,1,0,1,2,1,0,SHARP,WEAK
2026-07-01,MLB,ml,0,-102,2.5,-2.5,0.505,0.5542,0.0492,0.2261,1.86,1.725,2.5337,70.43,0,1,3,1,0,3,1,0,SHARP,WEAK
2026-07-01,SOC,ml,1,230,1,2.3,0.303,0.1546,-0.1485,0.7637,0.915,0,,33.76,0,1,-1,0,0,-9,0,1,SHARP,LEAN
2026-07-01,MLB,spread,0,-107,3,-3,0.5169,0.5514,0.0345,0.2029,2.1167,0.4533,-23.3653,65.39,0,1,2,0,0,1,1,0,SHARP,WEAK
2026-07-01,MLB,spread,0,-180,5,-5,0.6429,0.612,-0.0308,0.9953,1.77,0,,67.89,0,0,1,1,0,0,1,0,TOP+,ELITE
2026-07-01,MLB,total,1,-110,2.5,2.65,0.5238,0.6837,0.1599,0.9916,2.455,0,6.8187,54.87,0,0,2,0,0,2,1,0,SUPER,ELITE
2026-07-01,MLB,total,1,-110,1,0.91,0.5238,0.496,-0.0278,0.9722,1.04,0,4.2757,65.29,0,0,0,0,0,-1,1,0,MINI-,PREMIUM
2026-07-01,MLB,total,0,-110,4,-4,0.5238,0.6592,0.1354,0.9882,2.955,0,,65.29,0,0,1,0,0,1,1,0,TOP,ELITE
2026-07-01,MLB,total,0,-110,4,-4,0.5238,0.9335,0.4097,0.9713,0.7967,0.3333,,60.66,1,0,0,0,0,1,1,0,RANK,PREMIUM
2026-07-02,MLB,ml,0,-185,3,-3,0.6491,0.3533,-0.2958,0.5067,0.8867,0.3683,2.5921,52.3,0,1,0,0,0,-2,1,0,SHARP,WEAK
2026-07-02,MLB,ml,0,-104,1,-1,0.5098,0.5616,0.0518,0.821,1.11,0,-5.8242,65.7,0,0,0,0,0,1,1,0,MINI-,LEAN
2026-07-02,MLB,ml,0,-138,4,-4,0.5798,0.947,0.3672,0.9907,2.5167,0.9633,,57.02,1,0,0,0,0,3,1,0,RANK,ELITE
2026-07-02,MLB,ml,1,115,2.5,2.88,0.4651,0.6176,0.1525,0.9875,2.36,0,,71.11,0,0,1,0,0,0,1,0,TOP,ELITE
2026-07-02,MLB,ml,1,-122,5,4.17,0.5495,0.6059,0.0563,0.9605,2.2833,0.5917,7.5063,60.88,0,0,1,0,0,2,1,0,TOP+,LOCK
2026-07-02,SOC,ml,1,100,2.5,2.5,0.5,0.5644,0.0644,0.0232,0.7,0.18,,75.03,0,1,0,1,0,2,0,1,SHARP,WEAK
2026-07-02,MLB,spread,1,-139,4,2.86,0.5816,0.5488,-0.0328,0.9496,0.875,0,-15.0183,65.78,0,0,1,0,0,0,1,0,TOP,LOCK
2026-07-02,MLB,total,0,-110,4,-4,0.5238,0.9609,0.437,0.9774,0.785,0.275,-7.2222,85.93,1,0,0,0,0,3,1,0,RANK,PREMIUM
2026-07-02,MLB,total,0,-110,6,-6,0.5238,0.5916,0.0677,0.9869,1.7586,1.7614,,71.76,0,0,2,0,0,4,1,0,SUPER,ELITE
2026-07-02,MLB,total,1,-110,2.5,2.7,0.5238,0.4936,-0.0302,0.3857,1.04,0.68,-6.2982,65.6,0,1,0,0,0,2,1,0,SHARP,WEAK
2026-07-02,MLB,total,0,-110,4,-4,0.5238,0.9464,0.4225,0.9873,1.16,1.115,,65.96,1,0,0,0,0,4,1,0,RANK,ELITE
2026-07-03,MLB,ml,1,-146,1,0.68,0.5935,0.4989,-0.0946,0.9912,1.5733,0.7317,7.9584,68.99,0,0,0,0,0,0,1,0,MINI-,ELITE
2026-07-03,MLB,ml,1,-141,5,3.38,0.5851,0.5555,-0.0295,0.9627,0.9933,0.3717,11.617,63.96,0,0,1,1,0,1,1,0,TOP+,PREMIUM
2026-07-03,MLB,ml,1,-103,5,4.63,0.5074,0.5827,0.0753,0.9735,1.25,0.56,,69.59,0,0,1,0,0,5,1,0,TOP+,PREMIUM
2026-07-03,SOC,ml,0,-525,1,-1,0.84,0.8786,0.0386,0.9924,1.9618,1.6682,0.6819,83.99,0,0,4,0,1,8,0,1,CONFIRMED,ELITE
2026-07-03,SOC,ml,0,150,2.5,-2.5,0.4,0.6785,0.2785,0.5105,1.956,2.494,-4.0854,60.35,0,1,2,0,1,0,0,1,SHARP,WEAK
2026-07-03,SOC,ml,1,-205,6,2.55,0.6721,0.8633,0.1912,0.9892,1.0522,2.1178,,66.41,0,0,2,1,0,8,0,1,SUPER,ELITE
2026-07-03,MLB,spread,0,-126,3,-3,0.5575,0.4477,-0.1098,0.5538,0.9689,0.3761,0.8135,61.75,0,1,0,0,0,1,1,0,SHARP,WEAK
2026-07-03,MLB,total,1,-110,5,4.55,0.5238,0.5108,-0.013,0.9576,1.215,0,-0.5556,67.16,0,0,1,0,0,0,1,0,TOP+,LOCK
2026-07-03,MLB,total,1,-110,5,4.55,0.5238,0.5436,0.0198,0.963,1.2925,0.4475,,73.87,0,0,1,0,0,2,1,0,TOP+,PREMIUM
2026-07-03,MLB,total,1,-110,4,3.6,0.5238,0.5418,0.018,0.9015,0.535,0,0.4184,65.83,1,0,0,0,0,0,1,0,RANK,LEAN
2026-07-03,MLB,total,0,-110,5,-5,0.5238,0.4861,-0.0377,0.9718,1.51,0,,51.68,0,0,1,0,0,1,1,0,TOP+,PREMIUM
2026-07-03,MLB,total,1,-118,4,3.67,0.5413,0.6046,0.0633,0.9617,0.505,0,1.9801,80.82,1,0,0,0,0,1,1,0,RANK,PREMIUM
2026-07-04,MLB,ml,1,108,2.5,2.73,0.4808,0.5865,0.1057,0.9754,1.2525,0.9675,,83.86,0,0,2,1,0,3,1,0,TOP+,PREMIUM
2026-07-04,MLB,ml,1,-131,4,2.94,0.5671,0.5707,0.0036,0.3565,1.4717,0.8783,,69.11,1,0,2,0,0,6,1,0,RANK,WEAK
2026-07-04,MLB,ml,0,-149,5,-5,0.5984,0.5362,-0.0622,0.9886,1.42,0,9.3277,58.01,0,0,1,0,0,2,1,0,TOP+,ELITE
2026-07-04,SOC,ml,1,-500,6,1.14,0.8333,0.0507,-0.7826,0.9913,7.517,23.113,,63.02,0,0,2,1,0,7,0,1,SUPER,ELITE
2026-07-04,SOC,ml,1,-130,3,2.5,0.5652,0.7514,0.1862,0.2632,2.2118,6.9882,,80.62,0,1,8,1,0,18,0,1,SHARP,WEAK
2026-07-04,MLB,spread,1,-192,4,2.08,0.6575,0.5141,-0.1434,0.9842,1.6633,0.3067,,68.05,0,0,1,0,0,1,1,0,TOP,ELITE
2026-07-04,MLB,spread,0,-143,4,-4,0.5885,0.5003,-0.0881,0.9829,2.915,0,,53.5,0,0,1,0,0,2,1,0,TOP,PREMIUM
2026-07-04,MLB,total,1,-110,5,4.67,0.5238,0.4895,-0.0343,0.7165,1.265,0,10.2524,63.57,0,0,1,0,0,-1,1,0,TOP+,LEAN
2026-07-04,MLB,total,1,-110,4,3.64,0.5238,0.4986,-0.0252,0.9898,2.71,0,,66.03,0,0,1,0,0,0,1,0,TOP,ELITE
2026-07-04,MLB,total,1,-110,4,3.64,0.5238,0.5679,0.0441,0.9636,0.29,0.03,,68.05,1,0,0,0,0,1,1,0,RANK,PREMIUM
2026-07-04,MLB,total,0,-110,5,-5,0.5238,0.498,-0.0258,0.9831,1.5275,0.9575,,71.97,0,0,2,0,0,2,1,0,TOP+,PREMIUM
2026-07-04,MLB,total,0,-110,3,-3,0.5238,0.4399,-0.0839,0.1276,0.57,0,2.0659,61.1,0,1,0,0,0,0,1,0,SHARP,WEAK
2026-07-05,MLB,ml,1,-157,1,0.65,0.6109,0.5316,-0.0793,0.9333,0.5433,0.2167,,65.81,0,0,0,0,0,1,1,0,MINI-,LOCK
2026-07-05,MLB,ml,0,-131,4,-4,0.5671,0.5313,-0.0358,0.9837,1.21,0.39,,67.84,0,0,1,0,0,2,1,0,TOP,PREMIUM
2026-07-05,MLB,ml,0,-111,5,-5,0.5261,0.4898,-0.0363,0.8002,1.3667,0.4683,-4.4746,58.72,0,0,1,0,0,2,1,0,TOP+,LEAN
2026-07-05,MLB,ml,1,-142,4,2.82,0.5868,0.532,-0.0548,0.9777,1.34,0,,67.84,0,0,1,0,0,1,1,0,TOP,PREMIUM
2026-07-05,MLB,ml,0,103,2.5,-2.5,0.4926,0.5714,0.0788,0.9783,2.015,0,18.6869,82.96,0,1,0,1,0,0,1,0,SHARP-PRIME,PREMIUM
2026-07-05,SOC,ml,1,152,1.5,2.33,0.3968,0.3205,-0.0763,0.1202,2.9992,9.1708,10.1245,69.37,0,1,1,0,1,-3,0,1,SHARP,WEAK
2026-07-05,SOC,ml,0,-105,1,-1,0.5122,0.4025,-0.1097,0.6924,3.3315,10.9335,-3.4325,60.76,0,0,5,0,1,8,0,1,CONFIRMED,LEAN
2026-07-05,MLB,spread,1,-107,6,5.71,0.5169,0.5131,-0.0038,0.9886,2.6925,1.8225,,81.5,0,0,3,1,0,3,1,0,SUPER,ELITE
2026-07-05,MLB,total,0,-110,1,-1,0.5238,0.5205,-0.0033,0.9815,1.36,0,,66.13,0,0,0,0,0,0,1,0,MINI-,PREMIUM
2026-07-05,MLB,total,1,-110,3,2.73,0.5238,0.4889,-0.0349,0.9856,1.05,0,,46.92,0,0,0,0,0,1,1,0,MINI,ELITE
2026-07-05,MLB,total,0,-110,4,-4,0.5238,0.5185,-0.0053,0.9666,1.01,0.28,,67.59,0,0,1,0,0,1,1,0,TOP,PREMIUM
2026-07-05,MLB,total,1,-110,4,3.7,0.5238,0.5901,0.0663,0.9783,0.42,0,,81.18,0,1,0,1,0,2,1,0,SHARP-PRIME,PREMIUM
2026-07-06,MLB,ml,1,101,2.5,2.7,0.4975,0.4635,-0.034,0.9455,3.47,0,6.2114,66.41,0,0,1,0,0,-2,1,0,TOP,LOCK
2026-07-06,MLB,ml,0,115,2.5,-2.5,0.4651,0.5027,0.0376,0.9526,0.37,0,7.4651,58.8,0,1,0,0,0,2,1,0,SHARP-PRIME,LOCK
2026-07-06,MLB,ml,1,-108,4,3.39,0.5192,0.4075,-0.1118,0.5602,1.12,0,6.2975,62.73,0,1,-2,0,0,-4,1,0,SHARP-PRIME,WEAK
2026-07-06,MLB,ml,0,-199,3,-3,0.6656,0.5606,-0.1049,0.5558,1.027,1.303,9.7142,87.13,0,1,1,1,0,4,1,0,SHARP,WEAK
2026-07-06,SOC,ml,0,159,1.5,-1.5,0.3861,0.6312,0.2451,0.4241,2.4692,4.9358,,69.93,0,1,0,1,0,1,0,1,SHARP,WEAK
2026-07-06,SOC,ml,1,-106,3,2.94,0.5146,0.4767,-0.0379,0.4418,3.3824,8.2557,-3.4118,74.87,0,1,5,0,0,7,0,1,SHARP,WEAK
2026-07-06,MLB,total,1,-110,4,3.64,0.5238,0.5169,-0.0069,0.9956,2.61,0,,65.46,0,0,1,0,0,1,1,0,TOP,ELITE
2026-07-07,MLB,ml,0,131,2.5,-2.5,0.4329,0.4575,0.0246,0.9695,0.68,0,3.0229,58.94,0,1,0,0,0,0,1,0,SHARP,PREMIUM
2026-07-07,MLB,ml,0,-254,4,-4,0.7175,0.4785,-0.239,0.9404,1.125,0.575,7.4608,70.11,0,1,0,0,0,1,1,0,SHARP-PRIME,LOCK
2026-07-07,MLB,ml,1,-168,4,2.38,0.6269,0.5569,-0.0699,0.9785,0.185,0,-1.4934,56.87,1,0,0,0,0,2,1,0,RANK,PREMIUM
2026-07-07,MLB,ml,0,106,2.5,-2.5,0.4854,0.4213,-0.0642,0.7669,1.134,0.791,5.239,67.44,0,1,1,0,0,0,1,0,SHARP-PRIME,LEAN
2026-07-07,SOC,ml,1,-250,4,1.33,0.7143,0.7723,0.058,0.2859,2.24,2.94,11.4211,79.25,0,1,1,1,0,3,0,1,SHARP-PRIME,WEAK
2026-07-07,MLB,spread,0,-147,3,-3,0.5951,0.4792,-0.116,0.7368,0.185,0,,62.48,0,1,0,0,0,1,1,0,SHARP,LEAN
2026-07-07,MLB,spread,1,121,2.5,3.2,0.4525,0.4758,0.0233,0.9342,2.1533,0.7867,-13.6364,78.74,0,0,1,0,0,0,1,0,TOP+,LOCK
2026-07-07,MLB,total,1,-110,1,0.88,0.5238,0.5004,-0.0235,0.7045,1.18,0,9.5622,65.75,0,0,-1,0,0,-2,1,0,MINI-,LEAN
2026-07-07,MLB,total,0,-110,3,-3,0.5238,0.5661,0.0423,0.984,0.89,0.32,2.9965,65.62,0,0,0,0,0,3,1,0,MINI,PREMIUM
2026-07-07,MLB,total,0,-110,4,-4,0.5238,0.5134,-0.0104,0.9426,0.37,0,,73.33,0,1,0,0,0,1,1,0,SHARP-PRIME,LOCK
2026-07-08,MLB,ml,0,102,2.5,-2.5,0.495,0.5374,0.0424,0.8752,0.94,0,19.7852,53.76,0,0,1,1,0,0,1,0,TOP,LOCK
2026-07-08,MLB,ml,1,-248,5,1.96,0.7126,0.5136,-0.199,0.8897,3.73,0,-12.5,81.25,0,0,1,0,0,0,1,0,TOP+,LOCK
2026-07-08,MLB,ml,0,110,2.5,-2.5,0.4762,0.459,-0.0172,0.7004,1.2575,0.3775,-1.4076,65.6,0,0,1,0,0,-1,1,0,TOP,LEAN
2026-07-08,MLB,spread,1,-196,1.5,2.43,0.6622,0.4813,-0.1808,0.7222,0.3433,0.0917,,65.6,0,1,0,0,0,1,1,0,SHARP,LEAN
2026-07-08,MLB,spread,1,110,2.5,2.75,0.4762,0.5275,0.0513,0.8808,2.285,0,,56.4,0,0,1,1,0,1,1,0,TOP,LOCK
2026-07-08,MLB,spread,1,139,2.5,3.47,0.4184,0.4999,0.0815,0.0513,2.3,0,16.1727,65.63,0,1,1,1,0,1,1,0,SHARP,WEAK
2026-07-08,MLB,total,1,-110,4,3.51,0.5238,0.5531,0.0293,0.0792,1.77,1.68,26.7754,73.96,1,0,0,1,0,2,1,0,RANK,WEAK
2026-07-08,MLB,total,1,-104,4,3.85,0.5098,0.5036,-0.0062,0.9063,1.6167,0.5533,,65.6,1,0,0,0,0,0,1,0,RANK,LOCK
2026-07-09,MLB,ml,1,110,2.5,2.75,0.4762,0.5947,0.1185,0.9854,0.575,0,,71.26,0,0,0,1,0,1,1,0,MINI,ELITE
2026-07-09,MLB,ml,1,-132,1,0.76,0.569,0.5567,-0.0123,0.9873,1.49,0,,59.52,0,0,0,1,0,1,1,0,MINI-,ELITE
2026-07-09,SOC,ml,1,-170,6,3.53,0.6296,0.8626,0.233,0.9921,1.0978,1.3322,2.3148,66.48,0,0,2,0,1,6,0,1,SUPER,ELITE
2026-07-09,MLB,spread,1,139,2.5,3.5,0.4184,0.4822,0.0638,0.7945,0.2525,0.1225,,65.56,0,1,0,0,0,1,1,0,SHARP,LEAN
2026-07-09,MLB,spread,0,-105,4,-4,0.5122,0.5294,0.0172,0.8529,0.15,0,,60.99,1,0,0,0,0,0,1,0,RANK,LEAN
2026-07-09,MLB,total,0,-110,4,-4,0.5238,0.4329,-0.0909,0.9082,2.475,1.595,6.4598,65.56,0,0,3,1,0,0,1,0,TOP,LOCK
2026-07-09,MLB,total,1,-102,5,4.9,0.505,0.594,0.0891,0.8709,2.59,0,19.2308,72.41,0,0,1,1,0,1,1,0,TOP+,LEAN
2026-07-10,MLB,ml,1,107,2.5,2.68,0.4831,0.6003,0.1172,0.9899,1.3867,0.5433,,83.5,0,0,1,1,0,2,1,0,TOP,ELITE
2026-07-10,MLB,ml,1,-150,5,2.81,0.6,0.5242,-0.0758,0.8379,1.26,0.45,17.6775,66.76,0,0,1,1,0,-1,1,0,TOP+,LEAN
2026-07-10,MLB,ml,1,-118,6,5.08,0.5413,0.5727,0.0314,0.9937,1.414,0.621,2.1309,71.21,0,0,2,1,0,3,1,0,SUPER,ELITE
2026-07-10,MLB,ml,0,109,2.5,-2.5,0.4785,0.4928,0.0143,0.868,0.9,1.2,0.4692,69.63,0,0,1,0,0,2,1,0,TOP+,LEAN
2026-07-10,MLB,spread,1,-123,4,3.25,0.5516,0.5572,0.0056,0.9687,1.91,0,26.9048,59.09,0,0,1,1,0,0,1,0,TOP,PREMIUM
2026-07-10,MLB,spread,0,-140,5,-5,0.5833,0.5657,-0.0176,0.9839,1.105,0,,66.31,0,0,1,1,0,1,1,0,TOP+,PREMIUM
2026-07-10,MLB,total,1,-110,4,3.64,0.5238,0.5771,0.0533,0.9976,2.31,0,,73.53,0,0,1,1,0,1,1,0,TOP,ELITE
2026-07-10,MLB,total,0,-110,5,-5,0.5238,0.5354,0.0116,0.9378,1.3733,0.1967,-1.4371,67.19,0,0,1,0,0,2,1,0,TOP+,LOCK
2026-07-11,MLB,ml,0,-137,4,-4,0.5781,0.5347,-0.0434,0.6603,1.015,0,,67.09,1,0,0,0,0,0,1,0,RANK,LEAN
2026-07-11,MLB,ml,0,-117,3,-3,0.5392,0.5755,0.0363,0.962,0.795,0,,76.86,0,1,0,1,0,2,1,0,SHARP,PREMIUM
2026-07-11,MLB,ml,0,178,4,-4,0.3597,0.5898,0.2301,0.9286,2.1233,0.9667,,79.34,1,0,0,1,0,2,1,0,RANK,LOCK
2026-07-11,SOC,ml,0,-145,4,-4,0.5918,0.8047,0.2129,0.9863,1.684,3.146,21.6667,51.66,0,1,0,0,1,8,0,1,SHARP-PRIME,ELITE
2026-07-11,MLB,total,0,-108,3,-3,0.5192,0.4477,-0.0715,0.8214,0.445,0,,57.72,0,1,0,0,0,0,1,0,SHARP,LEAN
2026-07-12,MLB,ml,0,-128,3,-3,0.5614,0.5592,-0.0022,0.9934,1.27,0,,66.67,0,0,0,1,0,0,1,0,MINI,ELITE
2026-07-12,MLB,ml,1,-145,3,2.07,0.5918,0.5598,-0.0321,0.993,1.18,0,,66.67,0,0,0,1,0,0,1,0,MINI,ELITE
2026-07-12,MLB,ml,0,106,2.5,-2.5,0.4854,0.3248,-0.1607,0.792,,,,,0,0,-1,0,0,-2,1,0,TOP,LEAN
2026-07-12,MLB,spread,0,168,1,-1,0.3731,0.456,0.0828,0.7577,0.11,0,20.2667,66.67,0,0,0,1,0,-2,1,0,DISSENT,LEAN
2026-07-12,MLB,total,0,-110,4,-4,0.5238,0.5971,0.0733,0.9803,1.7675,0.6375,,66.95,0,0,1,1,0,3,1,0,TOP,PREMIUM
