playerId,season,name,team,position,situation,games_played,icetime,xGoals,goals,unblocked_shot_attempts,xRebounds,rebounds,xFreeze,freeze,xOnGoal,ongoal,xPlayStopped,playStopped,xPlayContinuedInZone,playContinuedInZone,xPlayContinuedOutsideZone,playContinuedOutsideZone,flurryAdjustedxGoals,lowDangerShots,mediumDangerShots,highDangerShots,lowDangerxGoals,mediumDangerxGoals,highDangerxGoals,lowDangerGoals,mediumDangerGoals,highDangerGoals,blocked_shot_attempts,penalityMinutes,penalties
8475883,2025,Frederik Andersen,CAR,G,other,17,1163.0,1.07,1.0,19.0,0.76,0.0,2.43,2.0,11.47,9.0,0.32,0.0,6.91,7.0,4.5,6.0,1.03,13.0,2.0,1.0,0.62,0.21,0.24,1.0,0.0,0.0,3.0,0.0,0.0
8475883,2025,Frederik Andersen,CAR,G,all,17,60952.0,48.44,58.0,882.0,34.58,53.0,115.72,74.0,491.62,435.0,19.99,0.0,256.87,233.0,192.68,247.0,46.17,465.0,156.0,44.0,14.75,19.02,14.67,24.0,20.0,14.0,217.0,4.0,2.0
8475883,2025,Frederik Andersen,CAR,G,5on5,17,49784.0,36.02,44.0,721.0,26.69,38.0,95.82,63.0,394.24,349.0,16.05,0.0,207.38,192.0,156.58,199.0,34.53,377.0,127.0,32.0,11.99,15.44,8.6,22.0,17.0,5.0,185.0,2.0,1.0
8475883,2025,Frederik Andersen,CAR,G,4on5,17,4991.0,9.47,11.0,116.0,6.24,14.0,14.79,9.0,68.51,61.0,0.67,0.0,36.74,31.0,20.47,25.0,8.79,61.0,19.0,10.0,1.63,2.24,5.6,0.0,2.0,9.0,26.0,2.0,1.0
8475883,2025,Frederik Andersen,CAR,G,5on4,17,5014.0,1.69,1.0,20.0,0.76,1.0,2.33,0.0,15.36,15.0,2.82,0.0,4.72,2.0,9.97,16.0,1.64,11.0,8.0,1.0,0.33,1.13,0.23,0.0,1.0,0.0,0.0,0.0,0.0
8478048,2025,Igor Shesterkin,NYR,G,other,33,1845.0,6.08,5.0,88.0,4.19,4.0,9.28,1.0,48.91,39.0,0.75,0.0,30.67,35.0,14.84,22.0,5.57,38.0,25.0,4.0,1.68,3.06,1.34,2.0,2.0,1.0,21.0,0.0,0.0
8478048,2025,Igor Shesterkin,NYR,G,all,33,119580.0,96.79,82.0,1991.0,72.64,118.0,254.55,177.0,1050.98,936.0,32.51,1.0,570.89,493.0,405.68,563.0,91.18,1084.0,256.0,96.0,33.67,31.39,31.73,34.0,25.0,23.0,555.0,4.0,2.0
8478048,2025,Igor Shesterkin,NYR,G,5on5,33,100231.0,64.8,51.0,1579.0,52.7,90.0,206.98,143.0,815.82,728.0,25.83,1.0,441.98,378.0,327.05,456.0,62.46,891.0,169.0,61.0,26.81,20.86,17.13,26.0,18.0,7.0,458.0,4.0,2.0
8478048,2025,Igor Shesterkin,NYR,G,4on5,33,9453.0,21.97,20.0,276.0,13.51,20.0,32.92,27.0,151.84,136.0,0.77,0.0,85.49,75.0,44.25,61.0,19.56,125.0,52.0,26.0,4.13,6.1,11.74,3.0,4.0,13.0,73.0,0.0,0.0
8478048,2025,Igor Shesterkin,NYR,G,5on4,33,8051.0,3.51,5.0,35.0,1.53,4.0,3.55,4.0,25.87,26.0,5.07,0.0,7.69,1.0,15.88,19.0,3.15,19.0,9.0,5.0,0.78,1.2,1.52,2.0,1.0,2.0,2.0,0.0,0.0
8481020,2025,Justus Annunen,NSH,G,other,12,1465.0,2.11,4.0,38.0,1.71,2.0,4.72,5.0,21.74,18.0,0.27,0.0,12.58,10.0,7.13,8.0,2.0,23.0,4.0,2.0,0.87,0.59,0.65,2.0,1.0,1.0,9.0,0.0,0.0
8481020,2025,Justus Annunen,NSH,G,all,12,36125.0,27.73,33.0,534.0,22.61,31.0,72.67,65.0,301.14,264.0,10.01,0.0,164.68,144.0,112.71,138.0,26.38,295.0,89.0,27.0,8.37,10.68,8.68,13.0,12.0,8.0,123.0,0.0,0.0
8481020,2025,Justus Annunen,NSH,G,5on5,12,28806.0,18.85,22.0,403.0,15.3,19.0,55.73,52.0,222.51,197.0,8.01,0.0,120.61,103.0,86.95,109.0,18.13,225.0,62.0,18.0,6.35,7.1,5.4,9.0,9.0,4.0,98.0,0.0,0.0
8481020,2025,Justus Annunen,NSH,G,4on5,12,3146.0,6.44,7.0,85.0,5.33,10.0,11.37,8.0,51.79,43.0,0.17,0.0,29.66,30.0,15.11,15.0,5.94,41.0,22.0,7.0,1.02,2.79,2.63,2.0,2.0,3.0,15.0,0.0,0.0
8481020,2025,Justus Annunen,NSH,G,5on4,12,2708.0,0.33,0.0,8.0,0.27,0.0,0.86,0.0,5.1,6.0,1.56,0.0,1.83,1.0,3.51,6.0,0.33,6.0,1.0,0.0,0.13,0.2,0.0,0.0,0.0,0.0,1.0,0.0,0.0
8478971,2025,Connor Ingram,EDM,G,other,4,690.0,0.74,0.0,17.0,0.62,1.0,1.93,2.0,8.8,10.0,0.18,0.0,5.02,5.0,3.42,4.0,0.72,8.0,4.0,0.0,0.24,0.5,0.0,0.0,0.0,0.0,5.0,0.0,0.0
8478971,2025,Connor Ingram,EDM,G,all,4,14280.0,10.75,13.0,232.0,8.5,12.0,27.38,24.0,117.92,111.0,4.59,0.0,64.95,62.0,44.56,49.0,10.19,124.0,24.0,12.0,3.51,2.92,4.32,7.0,1.0,5.0,72.0,2.0,1.0
8478971,2025,Connor Ingram,EDM,G,5on5,4,10969.0,6.89,10.0,166.0,5.55,8.0,20.69,19.0,83.32,80.0,3.41,0.0,45.06,41.0,32.05,35.0,6.54,89.0,16.0,8.0,2.72,1.99,2.18,6.0,1.0,3.0,53.0,0.0,0.0
8478971,2025,Connor Ingram,EDM,G,4on5,4,1228.0,2.93,3.0,44.0,2.25,3.0,4.35,2.0,23.42,18.0,0.21,0.0,14.14,16.0,7.55,8.0,2.73,24.0,4.0,4.0,0.36,0.44,2.14,1.0,0.0,2.0,12.0,2.0,1.0
8478971,2025,Connor Ingram,EDM,G,5on4,4,1393.0,0.19,0.0,5.0,0.08,0.0,0.41,1.0,2.38,3.0,0.79,0.0,0.72,0.0,1.54,2.0,0.19,3.0,0.0,0.0,0.19,0.0,0.0,0.0,0.0,0.0,2.0,0.0,0.0
8480193,2025,Daniil Tarasov,FLA,G,other,14,1446.0,3.42,4.0,38.0,1.55,1.0,3.73,4.0,20.78,20.0,0.51,0.0,12.95,10.0,5.67,8.0,3.34,18.0,5.0,5.0,0.53,0.5,2.39,0.0,1.0,3.0,10.0,0.0,0.0
8480193,2025,Daniil Tarasov,FLA,G,all,14,48636.0,38.3,38.0,820.0,30.3,48.0,108.23,83.0,439.52,396.0,14.22,0.0,239.64,219.0,171.43,213.0,36.94,454.0,110.0,39.0,12.88,13.41,12.01,16.0,14.0,8.0,217.0,0.0,0.0
8480193,2025,Daniil Tarasov,FLA,G,5on5,14,38305.0,28.68,29.0,650.0,23.04,41.0,88.84,65.0,349.25,314.0,10.58,0.0,187.7,175.0,139.84,169.0,27.77,369.0,83.0,28.0,10.57,10.47,7.63,15.0,11.0,3.0,170.0,0.0,0.0
8480193,2025,Daniil Tarasov,FLA,G,4on5,14,4041.0,4.97,4.0,113.0,4.97,4.0,13.86,13.0,57.66,50.0,0.38,0.0,34.9,33.0,18.23,25.0,4.63,57.0,18.0,4.0,1.49,1.95,1.54,1.0,1.0,2.0,34.0,0.0,0.0
8480193,2025,Daniil Tarasov,FLA,G,5on4,14,4844.0,1.23,1.0,19.0,0.74,2.0,1.8,1.0,11.83,12.0,2.76,0.0,4.08,1.0,7.69,11.0,1.2,10.0,4.0,2.0,0.3,0.49,0.45,0.0,1.0,0.0,3.0,0.0,0.0
8477424,2025,Juuse Saros,NSH,G,other,32,3097.0,7.47,11.0,110.0,4.85,4.0,12.5,10.0,63.32,62.0,1.13,0.0,36.53,27.0,21.5,33.0,7.14,51.0,29.0,5.0,2.01,3.47,1.99,1.0,9.0,1.0,25.0,0.0,0.0
8477424,2025,Juuse Saros,NSH,G,all,32,111661.0,87.29,91.0,1695.0,66.37,87.0,224.18,182.0,946.53,876.0,31.08,2.0,502.93,438.0,366.86,480.0,83.49,943.0,249.0,87.0,28.1,31.17,28.01,34.0,39.0,18.0,416.0,2.0,1.0
8477424,2025,Juuse Saros,NSH,G,5on5,32,89964.0,62.32,67.0,1348.0,48.6,70.0,184.11,152.0,736.3,666.0,24.61,2.0,393.25,349.0,289.08,363.0,60.07,771.0,169.0,62.0,23.08,21.22,18.01,33.0,23.0,11.0,346.0,2.0,1.0
8477424,2025,Juuse Saros,NSH,G,4on5,32,9230.0,14.4,13.0,186.0,11.32,10.0,22.39,19.0,111.48,112.0,0.7,0.0,62.56,53.0,31.83,51.0,13.19,88.0,42.0,16.0,1.95,5.5,6.94,0.0,7.0,6.0,40.0,0.0,0.0
8477424,2025,Juuse Saros,NSH,G,5on4,32,9370.0,2.96,0.0,48.0,1.51,3.0,4.87,1.0,33.88,35.0,4.36,0.0,9.82,8.0,23.82,32.0,2.94,32.0,8.0,4.0,1.03,0.86,1.07,0.0,0.0,0.0,4.0,0.0,0.0
8478872,2025,Karel Vejmelka,UTA,G,other,31,2522.0,4.05,4.0,79.0,3.7,5.0,9.46,9.0,42.08,36.0,0.62,0.0,25.92,24.0,13.12,16.0,3.73,38.0,18.0,2.0,1.16,2.37,0.52,0.0,2.0,2.0,21.0,0.0,0.0
8478872,2025,Karel Vejmelka,UTA,G,all,31,108381.0,80.6,82.0,1674.0,60.64,100.0,211.93,179.0,872.11,772.0,31.94,2.0,461.0,414.0,335.09,402.0,77.24,859.0,251.0,69.0,26.01,31.27,23.33,29.0,35.0,18.0,495.0,2.0,1.0
8478872,2025,Karel Vejmelka,UTA,G,5on5,31,88444.0,56.85,64.0,1297.0,42.31,69.0,167.95,141.0,667.36,593.0,25.14,1.0,348.44,308.0,265.07,319.0,54.74,664.0,194.0,45.0,20.17,24.15,12.52,27.0,30.0,7.0,394.0,2.0,1.0
8478872,2025,Karel Vejmelka,UTA,G,4on5,31,8793.0,18.28,14.0,266.0,13.8,24.0,31.22,28.0,142.89,129.0,0.66,0.0,80.27,76.0,43.43,50.0,17.37,136.0,34.0,22.0,3.87,4.14,10.28,2.0,3.0,9.0,74.0,0.0,0.0
8478872,2025,Karel Vejmelka,UTA,G,5on4,31,8622.0,1.34,0.0,31.0,0.77,2.0,3.18,1.0,19.07,13.0,5.47,1.0,6.0,6.0,13.1,16.0,1.33,20.0,5.0,0.0,0.74,0.61,0.0,0.0,0.0,0.0,6.0,0.0,0.0
8479406,2025,Filip Gustavsson,MIN,G,other,26,1670.0,3.77,7.0,48.0,2.27,3.0,5.77,6.0,29.03,28.0,0.74,0.0,15.44,11.0,9.78,11.0,3.65,24.0,10.0,4.0,0.97,1.1,1.7,2.0,4.0,1.0,10.0,0.0,0.0
8479406,2025,Filip Gustavsson,MIN,G,all,26,93971.0,72.72,64.0,1595.0,58.02,90.0,200.74,165.0,826.34,729.0,27.54,1.0,451.58,390.0,326.76,427.0,69.29,880.0,189.0,69.0,25.26,23.97,23.48,24.0,22.0,18.0,457.0,0.0,0.0
8479406,2025,Filip Gustavsson,MIN,G,5on5,26,77607.0,53.96,42.0,1329.0,45.04,68.0,168.58,135.0,673.15,579.0,21.91,0.0,368.37,320.0,270.23,363.0,51.39,727.0,155.0,47.0,20.99,19.8,13.17,19.0,15.0,8.0,400.0,0.0,0.0
8479406,2025,Filip Gustavsson,MIN,G,4on5,26,5534.0,13.51,14.0,185.0,9.65,18.0,23.0,20.0,103.87,98.0,0.32,0.0,60.4,56.0,31.81,33.0,12.81,105.0,20.0,17.0,2.84,2.41,8.26,2.0,3.0,9.0,43.0,0.0,0.0
8479406,2025,Filip Gustavsson,MIN,G,5on4,26,9160.0,1.48,1.0,33.0,1.06,1.0,3.39,4.0,20.29,24.0,4.57,1.0,7.37,3.0,14.95,20.0,1.45,24.0,4.0,1.0,0.47,0.66,0.35,1.0,0.0,0.0,4.0,0.0,0.0
8477968,2025,Alex Nedeljkovic,SJS,G,other,18,860.0,2.92,2.0,24.0,1.25,3.0,2.75,2.0,16.0,17.0,0.49,0.0,7.33,7.0,5.22,6.0,2.29,8.0,7.0,5.0,0.32,0.93,1.66,1.0,0.0,1.0,4.0,0.0,0.0
8477968,2025,Alex Nedeljkovic,SJS,G,all,18,60855.0,47.89,53.0,997.0,36.55,45.0,125.26,114.0,522.16,482.0,15.03,0.0,285.03,256.0,204.67,249.0,45.49,535.0,134.0,48.0,15.59,16.41,15.9,22.0,16.0,15.0,280.0,2.0,1.0
8477968,2025,Alex Nedeljkovic,SJS,G,5on5,18,50164.0,33.07,37.0,823.0,28.67,38.0,106.23,97.0,422.89,383.0,11.79,0.0,232.61,210.0,169.09,202.0,31.79,451.0,105.0,28.0,13.11,12.69,7.28,19.0,13.0,5.0,239.0,2.0,1.0
8477968,2025,Alex Nedeljkovic,SJS,G,4on5,18,4475.0,10.25,13.0,130.0,5.82,3.0,13.8,14.0,68.51,64.0,0.13,0.0,40.81,36.0,21.02,28.0,9.76,65.0,16.0,13.0,1.82,2.01,6.42,1.0,3.0,9.0,36.0,0.0,0.0
8477968,2025,Alex Nedeljkovic,SJS,G,5on4,18,5356.0,1.65,1.0,20.0,0.81,1.0,2.48,1.0,14.76,18.0,2.56,0.0,4.29,3.0,9.33,13.0,1.64,11.0,6.0,2.0,0.34,0.78,0.54,1.0,0.0,0.0,1.0,0.0,0.0
8477967,2025,Thatcher Demko,VAN,G,other,18,1978.0,3.92,4.0,65.0,2.72,3.0,6.76,8.0,34.42,28.0,0.63,0.0,20.54,15.0,10.71,16.0,3.77,27.0,13.0,6.0,1.04,1.52,1.36,1.0,1.0,2.0,19.0,0.0,0.0
8477967,2025,Thatcher Demko,VAN,G,all,18,62221.0,53.26,47.0,1040.0,40.82,63.0,135.49,100.0,567.36,490.0,17.12,0.0,306.9,291.0,211.25,266.0,50.87,553.0,159.0,55.0,17.42,19.26,16.58,17.0,16.0,14.0,273.0,0.0,0.0
8477967,2025,Thatcher Demko,VAN,G,5on5,18,50260.0,35.63,32.0,813.0,28.94,42.0,108.47,78.0,433.29,380.0,13.78,0.0,235.07,235.0,169.44,205.0,34.36,449.0,111.0,32.0,13.84,13.19,8.6,13.0,12.0,7.0,221.0,0.0,0.0
8477967,2025,Thatcher Demko,VAN,G,4on5,18,5058.0,12.4,10.0,144.0,8.6,16.0,18.49,14.0,88.62,70.0,0.35,0.0,48.14,37.0,24.24,38.0,11.54,69.0,30.0,16.0,2.29,3.8,6.32,2.0,3.0,5.0,29.0,0.0,0.0
8477967,2025,Thatcher Demko,VAN,G,5on4,18,4925.0,1.22,1.0,17.0,0.49,2.0,1.67,0.0,10.24,12.0,2.34,0.0,2.83,4.0,6.45,6.0,1.11,8.0,4.0,1.0,0.25,0.66,0.31,1.0,0.0,0.0,4.0,0.0,0.0
8476999,2025,Linus Ullmark,OTT,G,other,28,2717.0,5.41,6.0,66.0,2.73,2.0,7.59,11.0,38.91,36.0,0.89,0.0,19.55,23.0,14.43,9.0,4.75,27.0,17.0,7.0,1.13,2.02,2.26,2.0,2.0,2.0,15.0,0.0,0.0
8476999,2025,Linus Ullmark,OTT,G,all,28,99951.0,63.73,82.0,1413.0,50.52,62.0,173.72,153.0,732.8,687.0,26.96,2.0,399.79,378.0,291.77,328.0,61.27,756.0,196.0,52.0,22.32,24.29,17.13,26.0,40.0,16.0,409.0,2.0,1.0
8476999,2025,Linus Ullmark,OTT,G,5on5,28,81134.0,42.87,53.0,1130.0,36.67,50.0,142.12,122.0,567.06,527.0,21.69,2.0,310.97,297.0,231.19,260.0,41.46,625.0,129.0,29.0,18.41,15.97,8.5,21.0,26.0,6.0,347.0,2.0,1.0
8476999,2025,Linus Ullmark,OTT,G,4on5,28,7357.0,12.36,21.0,174.0,9.43,9.0,20.03,17.0,101.75,95.0,0.52,0.0,59.53,48.0,31.51,41.0,12.03,83.0,40.0,13.0,2.04,4.8,5.52,3.0,11.0,7.0,38.0,0.0,0.0
8476999,2025,Linus Ullmark,OTT,G,5on4,28,8743.0,1.31,0.0,23.0,0.84,0.0,1.73,0.0,12.99,16.0,3.68,0.0,4.48,4.0,9.22,14.0,1.3,12.0,6.0,0.0,0.39,0.92,0.0,0.0,0.0,0.0,5.0,0.0,0.0
8478499,2025,Adin Hill,VGK,G,other,5,344.0,0.33,0.0,6.0,0.21,0.0,0.67,1.0,3.66,4.0,0.24,0.0,1.63,4.0,2.06,0.0,0.32,3.0,2.0,0.0,0.12,0.21,0.0,0.0,0.0,0.0,1.0,0.0,0.0
8478499,2025,Adin Hill,VGK,G,all,5,13181.0,8.99,10.0,200.0,6.55,6.0,24.48,23.0,100.03,89.0,3.81,0.0,52.26,39.0,40.44,58.0,8.9,105.0,24.0,7.0,3.1,3.21,2.68,1.0,5.0,4.0,64.0,0.0,0.0
8478499,2025,Adin Hill,VGK,G,5on5,5,11548.0,5.38,5.0,163.0,4.79,4.0,20.2,18.0,77.01,66.0,3.04,0.0,41.72,31.0,31.31,48.0,5.34,87.0,15.0,4.0,2.42,2.0,0.96,1.0,3.0,1.0,57.0,0.0,0.0
8478499,2025,Adin Hill,VGK,G,4on5,5,567.0,2.14,3.0,18.0,0.88,1.0,1.99,2.0,10.49,9.0,0.1,0.0,4.96,2.0,2.74,5.0,2.12,7.0,4.0,2.0,0.24,0.52,1.39,0.0,1.0,2.0,5.0,0.0,0.0
8478499,2025,Adin Hill,VGK,G,5on4,5,722.0,0.22,1.0,3.0,0.16,0.0,0.3,0.0,1.85,3.0,0.37,0.0,0.93,0.0,1.29,2.0,0.22,2.0,1.0,0.0,0.08,0.14,0.0,0.0,1.0,0.0,0.0,0.0,0.0
8480313,2025,Logan Thompson,WSH,G,other,30,2360.0,3.91,1.0,61.0,2.12,3.0,6.11,4.0,30.11,28.0,1.08,0.0,16.25,13.0,9.6,18.0,3.8,20.0,16.0,3.0,0.9,1.95,1.07,0.0,1.0,0.0,22.0,0.0,0.0
8480313,2025,Logan Thompson,WSH,G,all,30,106185.0,85.91,70.0,1747.0,62.53,109.0,224.03,152.0,929.13,819.0,32.21,2.0,488.09,454.0,357.37,462.0,82.6,904.0,258.0,87.0,28.23,31.8,25.87,26.0,28.0,16.0,498.0,0.0,0.0
8480313,2025,Logan Thompson,WSH,G,5on5,30,86776.0,62.64,49.0,1368.0,45.87,88.0,179.8,126.0,722.29,637.0,25.11,1.0,376.02,349.0,284.68,360.0,60.52,721.0,191.0,61.0,22.64,23.72,16.28,21.0,21.0,7.0,395.0,0.0,0.0
8480313,2025,Logan Thompson,WSH,G,4on5,30,8993.0,17.72,17.0,287.0,13.66,16.0,34.38,20.0,155.36,130.0,0.69,0.0,88.6,86.0,48.22,68.0,16.71,140.0,47.0,21.0,4.16,5.77,7.79,3.0,5.0,9.0,79.0,0.0,0.0
8480313,2025,Logan Thompson,WSH,G,5on4,30,8056.0,1.51,3.0,27.0,0.78,2.0,3.31,1.0,19.1,21.0,5.24,1.0,6.17,5.0,13.63,15.0,1.44,21.0,3.0,2.0,0.49,0.28,0.74,2.0,1.0,0.0,1.0,0.0,0.0
8479979,2025,Jake Oettinger,DAL,G,other,27,2333.0,5.04,4.0,85.0,3.2,4.0,8.39,7.0,43.49,41.0,1.51,1.0,25.45,25.0,14.49,18.0,4.75,43.0,10.0,5.0,1.73,1.15,2.16,1.0,2.0,1.0,27.0,0.0,0.0
8479979,2025,Jake Oettinger,DAL,G,all,27,97593.0,77.02,71.0,1574.0,56.57,105.0,204.34,127.0,829.47,747.0,23.89,3.0,440.36,391.0,316.13,427.0,72.35,836.0,205.0,82.0,25.8,24.63,26.6,26.0,25.0,20.0,451.0,0.0,0.0
8479979,2025,Jake Oettinger,DAL,G,5on5,27,80135.0,51.3,49.0,1223.0,40.01,73.0,163.39,96.0,634.15,567.0,18.45,1.0,333.89,298.0,250.61,344.0,49.67,660.0,155.0,46.0,20.22,18.53,12.55,22.0,18.0,9.0,362.0,0.0,0.0
8479979,2025,Jake Oettinger,DAL,G,4on5,27,8446.0,17.71,14.0,225.0,11.82,26.0,28.44,22.0,127.02,111.0,0.47,0.0,71.99,63.0,35.6,44.0,15.02,111.0,31.0,28.0,3.06,3.7,10.94,2.0,3.0,9.0,55.0,0.0,0.0
8479979,2025,Jake Oettinger,DAL,G,5on4,27,6679.0,2.47,4.0,33.0,1.26,2.0,3.48,1.0,20.76,25.0,3.33,1.0,7.34,4.0,13.64,18.0,2.43,20.0,6.0,3.0,0.66,0.87,0.94,1.0,2.0,1.0,4.0,0.0,0.0
8478009,2025,Ilya Sorokin,NYI,G,other,24,2376.0,7.71,7.0,84.0,3.96,9.0,8.14,7.0,44.55,42.0,0.76,1.0,25.98,23.0,11.46,13.0,6.98,33.0,14.0,12.0,1.15,1.89,4.67,2.0,1.0,4.0,25.0,2.0,1.0
8478009,2025,Ilya Sorokin,NYI,G,all,24,86193.0,75.94,61.0,1421.0,56.28,109.0,178.85,109.0,749.89,676.0,24.74,2.0,394.47,365.0,275.99,361.0,70.88,711.0,197.0,99.0,21.79,24.79,29.37,23.0,23.0,15.0,414.0,2.0,1.0
8478009,2025,Ilya Sorokin,NYI,G,5on5,24,69689.0,50.45,40.0,1110.0,38.89,73.0,142.23,88.0,571.16,514.0,18.15,1.0,304.2,282.0,222.07,292.0,48.16,573.0,150.0,54.0,17.51,18.74,14.2,19.0,17.0,4.0,333.0,0.0,0.0
8478009,2025,Ilya Sorokin,NYI,G,4on5,24,6588.0,15.71,12.0,198.0,12.46,26.0,25.95,14.0,116.11,102.0,0.77,0.0,58.76,52.0,31.06,44.0,13.68,91.0,28.0,29.0,2.63,3.6,9.48,2.0,3.0,7.0,50.0,0.0,0.0
8478009,2025,Ilya Sorokin,NYI,G,5on4,24,7540.0,1.76,2.0,24.0,0.75,1.0,2.0,0.0,14.9,16.0,4.91,0.0,4.22,6.0,9.87,10.0,1.74,11.0,4.0,4.0,0.31,0.43,1.02,0.0,2.0,0.0,5.0,0.0,0.0
8476914,2025,Joonas Korpisalo,BOS,G,other,15,1026.0,1.67,2.0,18.0,0.83,1.0,2.56,1.0,12.77,13.0,0.63,0.0,5.56,6.0,5.02,6.0,1.63,6.0,9.0,1.0,0.15,1.17,0.35,0.0,1.0,1.0,2.0,0.0,0.0
8476914,2025,Joonas Korpisalo,BOS,G,all,15,49060.0,41.13,49.0,807.0,32.43,67.0,114.16,82.0,452.27,417.0,13.78,0.0,232.91,195.0,168.92,212.0,39.4,438.0,123.0,44.0,11.75,15.38,13.99,20.0,20.0,9.0,202.0,0.0,0.0
8476914,2025,Joonas Korpisalo,BOS,G,5on5,15,40028.0,31.68,38.0,671.0,24.23,56.0,94.91,66.0,362.77,327.0,10.78,0.0,188.07,159.0,138.63,171.0,30.32,358.0,100.0,32.0,9.91,12.42,9.35,19.0,17.0,2.0,181.0,0.0,0.0
8476914,2025,Joonas Korpisalo,BOS,G,4on5,15,4732.0,6.47,9.0,105.0,6.87,8.0,15.15,15.0,67.0,66.0,0.3,0.0,36.63,28.0,19.57,27.0,6.31,68.0,12.0,7.0,1.53,1.6,3.35,1.0,2.0,6.0,18.0,0.0,0.0
8476914,2025,Joonas Korpisalo,BOS,G,5on4,15,3274.0,1.3,0.0,13.0,0.51,2.0,1.55,0.0,9.74,11.0,2.07,0.0,2.65,2.0,5.7,8.0,1.14,6.0,2.0,4.0,0.16,0.19,0.95,0.0,0.0,0.0,1.0,0.0,0.0
8480280,2025,Jeremy Swayman,BOS,G,other,29,3721.0,12.0,7.0,137.0,6.33,11.0,15.27,14.0,77.69,71.0,1.3,0.0,46.31,43.0,20.28,28.0,10.08,54.0,37.0,12.0,2.28,4.72,4.99,2.0,1.0,4.0,34.0,0.0,0.0
8480280,2025,Jeremy Swayman,BOS,G,all,29,102813.0,92.37,80.0,1802.0,67.59,108.0,233.03,209.0,948.21,840.0,29.18,1.0,506.85,454.0,351.49,432.0,86.41,908.0,280.0,96.0,27.19,35.55,29.63,31.0,26.0,23.0,518.0,0.0,0.0
8480280,2025,Jeremy Swayman,BOS,G,5on5,29,80388.0,58.07,46.0,1359.0,45.54,79.0,178.96,162.0,683.94,594.0,22.5,0.0,361.7,331.0,264.87,314.0,55.43,687.0,193.0,53.0,19.75,24.66,13.67,22.0,18.0,6.0,426.0,0.0,0.0
8480280,2025,Jeremy Swayman,BOS,G,4on5,29,10737.0,19.06,21.0,265.0,14.01,15.0,33.89,31.0,156.31,142.0,0.72,0.0,88.5,74.0,47.56,67.0,17.72,141.0,41.0,26.0,4.23,5.16,9.66,7.0,5.0,9.0,57.0,0.0,0.0
8480280,2025,Jeremy Swayman,BOS,G,5on4,29,7967.0,2.37,5.0,33.0,1.27,2.0,3.91,2.0,24.84,27.0,4.42,1.0,7.94,6.0,16.65,18.0,2.33,23.0,6.0,4.0,0.75,0.64,0.99,0.0,2.0,3.0,0.0,0.0,0.0
8476899,2025,Matt Murray,SEA,G,other,5,192.0,0.77,1.0,7.0,0.38,0.0,0.85,0.0,4.22,4.0,0.04,0.0,2.37,3.0,1.44,2.0,0.75,4.0,1.0,1.0,0.07,0.1,0.6,0.0,0.0,1.0,1.0,0.0,0.0
8476899,2025,Matt Murray,SEA,G,all,5,13013.0,10.78,8.0,227.0,8.21,10.0,29.76,18.0,119.2,102.0,3.42,0.0,64.92,63.0,46.36,65.0,10.44,121.0,32.0,11.0,3.32,3.7,3.75,1.0,4.0,3.0,63.0,0.0,0.0
8476899,2025,Matt Murray,SEA,G,5on5,5,10860.0,7.61,4.0,184.0,6.31,9.0,24.93,15.0,95.84,82.0,2.49,0.0,51.94,47.0,38.06,57.0,7.36,101.0,25.0,6.0,2.98,2.96,1.67,1.0,3.0,0.0,52.0,0.0,0.0
8476899,2025,Matt Murray,SEA,G,4on5,5,973.0,2.2,3.0,32.0,1.4,1.0,3.5,3.0,16.0,12.0,0.0,0.0,9.73,11.0,4.64,4.0,2.13,13.0,5.0,4.0,0.23,0.49,1.48,0.0,1.0,2.0,10.0,0.0,0.0
8476899,2025,Matt Murray,SEA,G,5on4,5,988.0,0.2,0.0,4.0,0.12,0.0,0.48,0.0,3.15,4.0,0.89,0.0,0.89,2.0,2.22,2.0,0.2,3.0,1.0,0.0,0.05,0.15,0.0,0.0,0.0,0.0,0.0,0.0,0.0
8480051,2025,Cayden Primeau,TOR,G,other,3,269.0,0.41,0.0,9.0,0.24,0.0,0.68,0.0,3.74,2.0,0.02,0.0,1.75,4.0,1.82,1.0,0.38,4.0,1.0,0.0,0.23,0.17,0.0,0.0,0.0,0.0,4.0,0.0,0.0
8480051,2025,Cayden Primeau,TOR,G,all,3,10888.0,5.61,13.0,186.0,5.88,6.0,20.64,17.0,84.89,80.0,3.35,0.0,46.18,45.0,34.05,34.0,5.54,98.0,15.0,2.0,2.63,2.01,0.98,7.0,4.0,2.0,71.0,0.0,0.0
8480051,2025,Cayden Primeau,TOR,G,5on5,3,9096.0,4.22,12.0,153.0,4.42,5.0,17.24,14.0,68.42,65.0,2.76,0.0,36.98,34.0,27.97,28.0,4.17,78.0,14.0,1.0,2.12,1.84,0.26,7.0,4.0,1.0,60.0,0.0,0.0
8480051,2025,Cayden Primeau,TOR,G,4on5,3,782.0,0.92,1.0,22.0,1.17,1.0,2.58,3.0,12.03,12.0,0.04,0.0,7.1,7.0,3.87,4.0,0.92,15.0,0.0,1.0,0.21,0.0,0.71,0.0,0.0,1.0,6.0,0.0,0.0
8480051,2025,Cayden Primeau,TOR,G,5on4,3,741.0,0.0,0.0,0.0,0.0,0.0,0.0,0.0,0.0,0.0,0.5,0.0,0.0,0.0,0.0,0.0,0.0,0.0,0.0,0.0,0.0,0.0,0.0,0.0,0.0,0.0,0.0,0.0,0.0
8476945,2025,Connor Hellebuyck,WPG,G,other,23,1880.0,5.83,8.0,63.0,2.9,6.0,6.88,2.0,32.16,31.0,0.6,0.0,16.81,14.0,8.47,12.0,5.47,24.0,9.0,9.0,0.8,1.1,3.93,2.0,2.0,4.0,21.0,0.0,0.0
8476945,2025,Connor Hellebuyck,WPG,G,all,23,82257.0,66.94,59.0,1305.0,50.8,83.0,164.01,115.0,689.94,619.0,22.24,1.0,374.76,363.0,264.11,324.0,63.35,687.0,184.0,73.0,20.79,22.45,23.7,20.0,26.0,13.0,361.0,2.0,1.0
8476945,2025,Connor Hellebuyck,WPG,G,5on5,23,66515.0,45.13,40.0,1018.0,36.59,61.0,130.54,88.0,529.14,479.0,17.34,1.0,287.63,287.0,210.05,252.0,43.43,546.0,140.0,42.0,16.38,17.25,11.49,13.0,23.0,4.0,290.0,2.0,1.0
8476945,2025,Connor Hellebuyck,WPG,G,4on5,23,7538.0,14.41,10.0,204.0,10.59,14.0,24.49,24.0,114.06,93.0,0.98,0.0,65.84,58.0,35.87,49.0,13.0,105.0,32.0,18.0,3.35,3.8,7.27,4.0,1.0,5.0,49.0,0.0,0.0
8476945,2025,Connor Hellebuyck,WPG,G,5on4,23,6324.0,1.51,0.0,19.0,0.68,2.0,1.95,1.0,13.77,15.0,3.32,0.0,4.14,4.0,9.35,11.0,1.39,11.0,3.0,4.0,0.2,0.31,1.0,0.0,0.0,0.0,1.0,0.0,0.0
8481529,2025,Trent Miner,COL,G,other,2,182.0,0.33,1.0,11.0,0.54,0.0,1.41,1.0,7.14,6.0,0.16,0.0,4.41,6.0,3.08,2.0,0.32,9.0,1.0,0.0,0.25,0.08,0.0,1.0,0.0,0.0,1.0,0.0,0.0
8481529,2025,Trent Miner,COL,G,all,2,6793.0,4.69,4.0,98.0,3.43,3.0,11.93,7.0,50.61,44.0,2.27,0.0,27.65,27.0,19.68,28.0,4.38,53.0,11.0,5.0,1.19,1.5,2.0,3.0,1.0,0.0,29.0,0.0,0.0
8481529,2025,Trent Miner,COL,G,5on5,2,5145.0,2.62,3.0,74.0,2.44,2.0,8.99,6.0,36.86,31.0,1.6,0.0,19.97,16.0,14.8,23.0,2.59,39.0,9.0,2.0,0.89,1.26,0.48,2.0,1.0,0.0,24.0,0.0,0.0
8481529,2025,Trent Miner,COL,G,4on5,2,657.0,1.74,0.0,12.0,0.38,1.0,1.38,0.0,6.31,6.0,0.11,0.0,2.86,5.0,1.47,2.0,1.46,4.0,1.0,3.0,0.05,0.16,1.52,0.0,0.0,0.0,4.0,0.0,0.0
8481529,2025,Trent Miner,COL,G,5on4,2,809.0,0.01,0.0,1.0,0.07,0.0,0.14,0.0,0.3,1.0,0.4,0.0,0.41,0.0,0.32,1.0,0.01,1.0,0.0,0.0,0.01,0.0,0.0,0.0,0.0,0.0,0.0,0.0,0.0
8484268,2025,Nikita Tolopilo,VAN,G,other,4,1122.0,1.64,3.0,25.0,1.17,1.0,3.02,1.0,13.8,9.0,0.18,0.0,9.54,12.0,4.04,3.0,1.59,14.0,4.0,2.0,0.49,0.47,0.68,0.0,2.0,1.0,5.0,0.0,0.0
8484268,2025,Nikita Tolopilo,VAN,G,all,4,11807.0,11.21,9.0,204.0,8.6,13.0,28.54,20.0,119.29,101.0,3.72,0.0,65.29,66.0,45.18,55.0,10.83,113.0,39.0,11.0,3.6,4.55,3.05,1.0,7.0,1.0,41.0,0.0,0.0
8484268,2025,Nikita Tolopilo,VAN,G,5on5,4,8230.0,7.23,4.0,143.0,5.47,10.0,20.82,16.0,82.57,74.0,2.76,0.0,44.11,45.0,32.57,38.0,6.96,84.0,21.0,8.0,2.62,2.56,2.04,1.0,3.0,0.0,30.0,0.0,0.0
8484268,2025,Nikita Tolopilo,VAN,G,4on5,4,1321.0,2.09,2.0,29.0,1.73,2.0,3.96,3.0,18.88,14.0,0.18,0.0,10.05,5.0,5.54,12.0,2.03,11.0,12.0,1.0,0.41,1.34,0.33,0.0,2.0,0.0,5.0,0.0,0.0
8484268,2025,Nikita Tolopilo,VAN,G,5on4,4,1134.0,0.26,0.0,7.0,0.23,0.0,0.73,0.0,4.04,4.0,0.61,0.0,1.59,4.0,3.03,2.0,0.26,4.0,2.0,0.0,0.08,0.17,0.0,0.0,0.0,0.0,1.0,0.0,0.0
8475852,2025,Petr Mrazek,ANA,G,other,9,290.0,0.64,2.0,11.0,0.47,0.0,1.04,1.0,5.9,6.0,0.14,0.0,3.38,2.0,2.28,3.0,0.64,6.0,2.0,0.0,0.35,0.29,0.0,1.0,1.0,0.0,3.0,0.0,0.0
8475852,2025,Petr Mrazek,ANA,G,all,9,28553.0,24.93,30.0,469.0,17.72,22.0,56.0,42.0,247.03,223.0,9.74,0.0,130.61,122.0,94.64,115.0,23.38,237.0,74.0,21.0,7.73,9.11,8.09,12.0,12.0,6.0,137.0,0.0,0.0
8475852,2025,Petr Mrazek,ANA,G,5on5,9,22872.0,16.05,19.0,371.0,12.8,18.0,45.59,31.0,189.57,169.0,8.13,0.0,100.73,106.0,73.6,81.0,15.07,187.0,56.0,12.0,6.01,6.67,3.36,9.0,7.0,3.0,116.0,0.0,0.0
8475852,2025,Petr Mrazek,ANA,G,4on5,9,2721.0,7.68,9.0,78.0,4.16,3.0,8.55,9.0,44.63,41.0,0.29,0.0,24.5,14.0,13.65,24.0,7.14,37.0,15.0,8.0,1.22,1.96,4.5,2.0,4.0,3.0,18.0,0.0,0.0
8475852,2025,Petr Mrazek,ANA,G,5on4,9,2670.0,0.56,0.0,9.0,0.29,1.0,0.83,1.0,6.92,7.0,1.17,0.0,1.99,0.0,5.11,7.0,0.52,7.0,1.0,1.0,0.15,0.19,0.23,0.0,0.0,0.0,0.0,0.0,0.0
8477970,2025,Vitek Vanecek,UTA,G,other,12,691.0,1.87,1.0,17.0,0.83,4.0,2.08,1.0,9.81,12.0,0.14,0.0,5.5,6.0,2.31,1.0,1.61,5.0,5.0,3.0,0.2,0.65,1.02,0.0,1.0,0.0,4.0,0.0,0.0
8477970,2025,Vitek Vanecek,UTA,G,all,12,41903.0,30.67,34.0,571.0,22.31,42.0,72.47,51.0,305.12,280.0,11.56,0.0,162.72,144.0,113.56,141.0,29.39,287.0,93.0,32.0,8.86,11.79,10.02,12.0,15.0,7.0,159.0,0.0,0.0
8477970,2025,Vitek Vanecek,UTA,G,5on5,12,34374.0,21.64,26.0,455.0,16.19,32.0,58.33,40.0,236.18,215.0,10.04,0.0,125.99,112.0,89.86,110.0,21.01,234.0,66.0,20.0,7.13,8.43,6.07,10.0,11.0,5.0,135.0,0.0,0.0
8477970,2025,Vitek Vanecek,UTA,G,4on5,12,3194.0,5.87,6.0,80.0,4.61,5.0,10.12,9.0,47.6,44.0,0.08,0.0,27.22,23.0,14.69,21.0,5.51,39.0,19.0,6.0,1.25,2.32,2.3,1.0,3.0,2.0,16.0,0.0,0.0
8477970,2025,Vitek Vanecek,UTA,G,5on4,12,3644.0,1.14,0.0,17.0,0.57,1.0,1.67,1.0,10.24,7.0,1.28,0.0,2.98,2.0,6.31,9.0,1.11,8.0,2.0,3.0,0.21,0.31,0.62,0.0,0.0,0.0,4.0,0.0,0.0
8477992,2025,Jonas Johansson,TBL,G,other,17,1623.0,3.08,5.0,55.0,1.98,0.0,5.35,4.0,26.72,22.0,0.55,0.0,15.59,17.0,9.09,10.0,2.64,25.0,7.0,4.0,1.15,0.93,1.0,1.0,2.0,2.0,19.0,0.0,0.0
8477992,2025,Jonas Johansson,TBL,G,all,17,58436.0,46.15,46.0,892.0,32.63,50.0,121.39,102.0,487.72,433.0,17.12,1.0,261.28,226.0,183.8,238.0,42.86,490.0,124.0,48.0,14.9,14.75,16.5,18.0,16.0,12.0,230.0,0.0,0.0
8477992,2025,Jonas Johansson,TBL,G,5on5,17,47230.0,29.5,30.0,691.0,23.31,40.0,97.55,84.0,371.53,335.0,13.41,1.0,198.09,163.0,144.83,189.0,28.23,393.0,87.0,26.0,11.59,10.32,7.59,16.0,12.0,2.0,185.0,0.0,0.0
8477992,2025,Jonas Johansson,TBL,G,4on5,17,4971.0,12.49,10.0,131.0,6.8,10.0,16.82,12.0,78.81,65.0,0.35,0.0,44.44,45.0,22.68,29.0,10.9,62.0,28.0,16.0,1.79,3.32,7.38,0.0,2.0,8.0,25.0,0.0,0.0
8477992,2025,Jonas Johansson,TBL,G,5on4,17,4612.0,1.09,1.0,15.0,0.54,0.0,1.66,2.0,10.65,11.0,2.82,0.0,3.17,1.0,7.2,10.0,1.09,10.0,2.0,2.0,0.38,0.18,0.53,1.0,0.0,0.0,1.0,0.0,0.0
8477990,2025,Brandon Halverson,TBL,G,other,1,0.0,0.0,0.0,0.0,0.0,0.0,0.0,0.0,0.0,0.0,0.0,0.0,0.0,0.0,0.0,0.0,0.0,0.0,0.0,0.0,0.0,0.0,0.0,0.0,0.0,0.0,0.0,0.0,0.0
8477990,2025,Brandon Halverson,TBL,G,all,1,6.0,0.0,0.0,0.0,0.0,0.0,0.0,0.0,0.0,0.0,0.0,0.0,0.0,0.0,0.0,0.0,0.0,0.0,0.0,0.0,0.0,0.0,0.0,0.0,0.0,0.0,0.0,0.0,0.0
8477990,2025,Brandon Halverson,TBL,G,5on5,1,6.0,0.0,0.0,0.0,0.0,0.0,0.0,0.0,0.0,0.0,0.0,0.0,0.0,0.0,0.0,0.0,0.0,0.0,0.0,0.0,0.0,0.0,0.0,0.0,0.0,0.0,0.0,0.0,0.0
8477990,2025,Brandon Halverson,TBL,G,4on5,1,0.0,0.0,0.0,0.0,0.0,0.0,0.0,0.0,0.0,0.0,0.0,0.0,0.0,0.0,0.0,0.0,0.0,0.0,0.0,0.0,0.0,0.0,0.0,0.0,0.0,0.0,0.0,0.0,0.0
8477990,2025,Brandon Halverson,TBL,G,5on4,1,0.0,0.0,0.0,0.0,0.0,0.0,0.0,0.0,0.0,0.0,0.0,0.0,0.0,0.0,0.0,0.0,0.0,0.0,0.0,0.0,0.0,0.0,0.0,0.0,0.0,0.0,0.0,0.0,0.0
8479394,2025,Carter Hart,VGK,G,other,10,811.0,2.7,2.0,44.0,1.47,1.0,4.9,5.0,24.2,22.0,0.7,0.0,10.9,10.0,10.26,13.0,2.6,17.0,12.0,2.0,0.76,1.32,0.62,1.0,0.0,1.0,13.0,0.0,0.0
8479394,2025,Carter Hart,VGK,G,all,10,35167.0,24.26,32.0,552.0,19.79,32.0,70.6,56.0,289.51,258.0,9.85,1.0,157.76,145.0,116.41,133.0,23.37,296.0,80.0,23.0,8.65,9.26,6.35,17.0,11.0,4.0,153.0,2.0,1.0
8479394,2025,Carter Hart,VGK,G,5on5,10,29277.0,18.84,27.0,440.0,15.57,28.0,58.78,46.0,230.28,203.0,7.4,0.0,126.86,115.0,91.67,103.0,18.16,245.0,57.0,18.0,7.02,6.8,5.02,14.0,10.0,3.0,120.0,0.0,0.0
8479394,2025,Carter Hart,VGK,G,4on5,10,2321.0,2.03,3.0,58.0,2.4,3.0,5.95,4.0,27.19,27.0,0.17,0.0,17.62,14.0,9.11,14.0,1.92,27.0,10.0,1.0,0.71,1.05,0.26,2.0,1.0,0.0,20.0,0.0,0.0
8479394,2025,Carter Hart,VGK,G,5on4,10,2758.0,0.7,0.0,10.0,0.35,0.0,0.97,1.0,7.85,6.0,1.58,1.0,2.38,6.0,5.38,3.0,0.7,7.0,1.0,2.0,0.15,0.1,0.45,0.0,0.0,0.0,0.0,2.0,1.0
8483703,2025,Sergei Murashov,PIT,G,other,5,229.0,0.35,2.0,8.0,0.34,0.0,1.09,0.0,5.55,6.0,0.18,0.0,3.39,1.0,2.65,5.0,0.35,7.0,1.0,0.0,0.24,0.11,0.0,2.0,0.0,0.0,0.0,0.0,0.0
8483703,2025,Sergei Murashov,PIT,G,all,5,16877.0,8.48,12.0,266.0,10.29,9.0,33.81,31.0,137.84,116.0,4.58,0.0,79.97,67.0,56.75,75.0,8.29,170.0,15.0,9.0,4.15,1.83,2.5,7.0,3.0,2.0,72.0,0.0,0.0
8483703,2025,Sergei Murashov,PIT,G,5on5,5,13895.0,6.76,8.0,205.0,6.64,6.0,25.92,24.0,100.18,84.0,3.67,0.0,56.34,49.0,42.88,55.0,6.65,122.0,14.0,6.0,3.46,1.72,1.58,5.0,3.0,0.0,63.0,0.0,0.0
8483703,2025,Sergei Murashov,PIT,G,4on5,5,1701.0,1.14,2.0,51.0,3.22,3.0,6.57,7.0,30.5,25.0,0.16,0.0,19.79,16.0,10.25,14.0,1.06,40.0,0.0,2.0,0.44,0.0,0.7,0.0,0.0,2.0,9.0,0.0,0.0
8483703,2025,Sergei Murashov,PIT,G,5on4,5,1052.0,0.23,0.0,2.0,0.09,0.0,0.23,0.0,1.61,1.0,0.58,0.0,0.44,1.0,0.96,1.0,0.23,1.0,0.0,1.0,0.01,0.0,0.22,0.0,0.0,0.0,0.0,0.0,0.0
8482982,2025,Jet Greaves,CBJ,G,other,28,3194.0,10.94,7.0,103.0,4.41,9.0,11.7,5.0,61.98,49.0,1.52,1.0,31.67,31.0,20.29,29.0,8.41,43.0,21.0,17.0,1.87,2.63,6.44,2.0,3.0,2.0,22.0,0.0,0.0
8482982,2025,Jet Greaves,CBJ,G,all,28,100926.0,83.91,74.0,1714.0,62.28,89.0,225.22,195.0,924.13,823.0,30.97,2.0,499.55,461.0,359.84,438.0,77.79,971.0,199.0,92.0,28.69,24.42,30.8,37.0,18.0,19.0,452.0,0.0,0.0
8482982,2025,Jet Greaves,CBJ,G,5on5,28,83717.0,55.95,54.0,1381.0,45.94,60.0,186.32,175.0,727.57,654.0,25.0,1.0,394.55,373.0,293.67,335.0,53.6,802.0,147.0,52.0,23.06,18.19,14.7,32.0,13.0,9.0,380.0,0.0,0.0
8482982,2025,Jet Greaves,CBJ,G,4on5,28,7401.0,15.44,12.0,210.0,11.15,20.0,25.18,15.0,119.28,106.0,0.81,0.0,68.27,57.0,35.82,55.0,14.21,113.0,26.0,21.0,3.31,3.05,9.08,2.0,2.0,8.0,50.0,0.0,0.0
8482982,2025,Jet Greaves,CBJ,G,5on4,28,6614.0,1.31,1.0,17.0,0.59,0.0,1.71,0.0,13.21,12.0,3.46,0.0,4.08,0.0,8.86,16.0,1.31,12.0,3.0,2.0,0.4,0.33,0.57,1.0,0.0,0.0,0.0,0.0,0.0
8475809,2025,Scott Wedgewood,COL,G,other,26,2254.0,3.78,3.0,75.0,2.87,1.0,6.51,1.0,35.4,32.0,0.57,0.0,23.63,29.0,11.01,15.0,3.58,32.0,14.0,3.0,1.4,1.71,0.68,1.0,0.0,2.0,26.0,0.0,0.0
8475809,2025,Scott Wedgewood,COL,G,all,26,89742.0,62.88,54.0,1356.0,50.51,81.0,178.32,157.0,733.24,657.0,29.68,0.0,396.21,347.0,283.94,357.0,60.4,752.0,179.0,65.0,20.37,23.15,19.36,22.0,17.0,15.0,360.0,0.0,0.0
8475809,2025,Scott Wedgewood,COL,G,5on5,26,71700.0,45.84,38.0,1075.0,37.39,70.0,147.73,135.0,577.94,508.0,23.78,0.0,306.34,265.0,228.58,277.0,44.22,607.0,134.0,44.0,15.92,17.63,12.3,19.0,14.0,5.0,290.0,0.0,0.0
8475809,2025,Scott Wedgewood,COL,G,4on5,26,6767.0,11.26,9.0,174.0,9.16,10.0,20.8,19.0,99.49,93.0,0.59,0.0,59.26,50.0,31.34,47.0,10.62,94.0,27.0,14.0,2.64,3.31,5.32,1.0,2.0,6.0,39.0,0.0,0.0
8475809,2025,Scott Wedgewood,COL,G,5on4,26,9021.0,1.92,3.0,29.0,1.01,0.0,3.05,2.0,18.99,23.0,4.47,0.0,6.22,2.0,12.2,18.0,1.92,17.0,4.0,4.0,0.35,0.51,1.07,0.0,1.0,2.0,4.0,0.0,0.0
8477831,2025,Pheonix Copley,LAK,G,other,1,97.0,0.0,0.0,1.0,0.0,0.0,0.0,0.0,0.0,0.0,0.0,0.0,0.0,0.0,0.0,0.0,0.0,0.0,0.0,0.0,0.0,0.0,0.0,0.0,0.0,0.0,1.0,0.0,0.0
8477831,2025,Pheonix Copley,LAK,G,all,1,3514.0,2.2,3.0,46.0,1.9,1.0,7.57,7.0,30.31,28.0,1.25,0.0,15.96,14.0,11.19,15.0,2.15,33.0,5.0,2.0,0.78,0.48,0.94,2.0,0.0,1.0,6.0,0.0,0.0
8477831,2025,Pheonix Copley,LAK,G,5on5,1,3029.0,1.43,2.0,37.0,1.51,1.0,6.39,5.0,24.1,22.0,1.12,0.0,12.64,10.0,9.26,14.0,1.39,26.0,5.0,1.0,0.71,0.48,0.23,2.0,0.0,0.0,5.0,0.0,0.0
8477831,2025,Pheonix Copley,LAK,G,4on5,1,125.0,0.77,1.0,7.0,0.37,0.0,1.07,2.0,5.49,5.0,0.0,0.0,3.04,4.0,1.37,0.0,0.75,6.0,0.0,1.0,0.06,0.0,0.71,0.0,0.0,1.0,0.0,0.0,0.0
8477831,2025,Pheonix Copley,LAK,G,5on4,1,263.0,0.01,0.0,1.0,0.02,0.0,0.12,0.0,0.72,1.0,0.14,0.0,0.28,0.0,0.56,1.0,0.01,1.0,0.0,0.0,0.01,0.0,0.0,0.0,0.0,0.0,0.0,0.0,0.0
8482445,2025,Devin Cooley,CGY,G,other,13,1539.0,5.21,1.0,51.0,2.4,5.0,6.21,5.0,31.26,24.0,0.35,0.0,15.7,15.0,9.5,14.0,4.22,24.0,8.0,8.0,1.11,1.17,2.94,0.0,0.0,1.0,11.0,0.0,0.0
8482445,2025,Devin Cooley,CGY,G,all,13,41977.0,36.83,28.0,695.0,26.07,52.0,89.83,67.0,374.63,327.0,12.61,0.0,198.47,180.0,144.32,181.0,34.28,360.0,108.0,40.0,11.3,13.54,11.98,12.0,9.0,7.0,187.0,0.0,0.0
8482445,2025,Devin Cooley,CGY,G,5on5,13,34216.0,24.78,24.0,536.0,18.42,42.0,70.97,51.0,282.82,245.0,10.75,0.0,148.58,137.0,111.82,130.0,23.72,281.0,77.0,26.0,8.13,9.38,7.27,11.0,9.0,4.0,152.0,0.0,0.0
8482445,2025,Devin Cooley,CGY,G,4on5,13,3429.0,5.73,2.0,96.0,4.76,4.0,11.34,10.0,51.84,49.0,0.24,0.0,31.31,28.0,17.09,28.0,5.25,48.0,19.0,5.0,1.85,2.41,1.46,1.0,0.0,1.0,24.0,0.0,0.0
8482445,2025,Devin Cooley,CGY,G,5on4,13,2793.0,1.12,1.0,12.0,0.5,1.0,1.31,1.0,8.71,9.0,1.27,0.0,2.88,0.0,5.91,9.0,1.09,7.0,4.0,1.0,0.21,0.59,0.32,0.0,0.0,1.0,0.0,0.0,0.0
8480981,2025,Joel Hofer,STL,G,other,23,1789.0,1.98,4.0,46.0,1.61,0.0,4.21,4.0,22.14,24.0,0.49,0.0,14.83,13.0,7.69,10.0,1.72,22.0,8.0,1.0,0.87,0.89,0.22,2.0,2.0,0.0,15.0,0.0,0.0
8480981,2025,Joel Hofer,STL,G,all,23,73851.0,55.05,59.0,1240.0,46.08,53.0,158.53,149.0,655.76,588.0,17.49,0.0,359.82,319.0,254.84,316.0,52.44,685.0,154.0,57.0,18.59,19.13,17.33,25.0,20.0,14.0,344.0,2.0,1.0
8480981,2025,Joel Hofer,STL,G,5on5,23,60753.0,42.28,45.0,1000.0,34.57,47.0,131.32,125.0,522.9,461.0,14.19,0.0,278.36,254.0,206.19,239.0,40.46,549.0,117.0,44.0,15.17,14.56,12.55,21.0,15.0,9.0,290.0,2.0,1.0
8480981,2025,Joel Hofer,STL,G,4on5,23,5930.0,9.64,9.0,174.0,9.25,6.0,21.45,20.0,100.13,92.0,0.5,0.0,62.86,51.0,33.5,54.0,9.14,104.0,25.0,11.0,2.34,3.0,4.31,1.0,3.0,5.0,34.0,0.0,0.0
8480981,2025,Joel Hofer,STL,G,5on4,23,5379.0,1.14,1.0,20.0,0.66,0.0,1.55,0.0,10.59,11.0,2.32,0.0,3.76,1.0,7.47,13.0,1.14,10.0,4.0,1.0,0.21,0.67,0.25,1.0,0.0,0.0,5.0,0.0,0.0
8482487,2025,Jakub Dobes,MTL,G,other,21,2492.0,6.91,8.0,93.0,3.87,8.0,10.17,5.0,50.69,55.0,1.27,0.0,29.85,28.0,16.37,20.0,6.58,39.0,21.0,9.0,1.43,2.4,3.07,2.0,3.0,3.0,24.0,0.0,0.0
8482487,2025,Jakub Dobes,MTL,G,all,21,71791.0,59.31,60.0,1178.0,41.92,72.0,150.36,102.0,616.49,542.0,18.34,3.0,329.65,286.0,231.82,313.0,56.89,583.0,189.0,62.0,16.98,22.47,19.86,17.0,31.0,12.0,344.0,2.0,1.0
8482487,2025,Jakub Dobes,MTL,G,5on5,21,59723.0,41.66,38.0,929.0,31.19,56.0,123.55,87.0,481.63,415.0,14.48,2.0,251.93,221.0,185.24,248.0,39.89,476.0,132.0,42.0,13.59,16.05,12.02,12.0,22.0,4.0,279.0,2.0,1.0
8482487,2025,Jakub Dobes,MTL,G,4on5,21,5381.0,10.09,13.0,142.0,6.48,8.0,15.19,10.0,73.62,63.0,0.38,0.0,44.38,36.0,22.5,33.0,9.76,58.0,32.0,11.0,1.75,3.56,4.78,3.0,5.0,5.0,41.0,0.0,0.0
8482487,2025,Jakub Dobes,MTL,G,5on4,21,4195.0,0.34,1.0,11.0,0.26,0.0,1.07,0.0,8.15,8.0,2.08,1.0,2.55,1.0,6.54,9.0,0.34,10.0,1.0,0.0,0.21,0.14,0.0,0.0,1.0,0.0,0.0,0.0,0.0
8480045,2025,Ukko-Pekka Luukkonen,BUF,G,other,14,1329.0,4.69,2.0,47.0,2.01,6.0,5.25,8.0,25.96,25.0,0.24,0.0,12.59,11.0,7.53,6.0,4.19,16.0,8.0,9.0,0.64,0.96,3.08,0.0,1.0,1.0,14.0,0.0,0.0
8480045,2025,Ukko-Pekka Luukkonen,BUF,G,all,14,48908.0,35.0,35.0,752.0,28.4,42.0,102.07,87.0,408.82,355.0,14.31,1.0,215.73,200.0,160.84,191.0,33.69,423.0,96.0,37.0,12.37,11.94,10.69,14.0,14.0,7.0,196.0,2.0,1.0
8480045,2025,Ukko-Pekka Luukkonen,BUF,G,5on5,14,40309.0,24.42,27.0,598.0,20.47,29.0,82.94,71.0,320.02,271.0,11.45,1.0,169.92,152.0,129.38,158.0,23.79,348.0,68.0,22.0,10.2,8.61,5.62,14.0,10.0,3.0,160.0,2.0,1.0
8480045,2025,Ukko-Pekka Luukkonen,BUF,G,4on5,14,3192.0,4.43,3.0,90.0,5.2,6.0,12.2,6.0,50.61,44.0,0.16,0.0,29.39,33.0,15.98,21.0,4.25,51.0,14.0,4.0,1.27,1.73,1.43,0.0,1.0,2.0,21.0,0.0,0.0
8480045,2025,Ukko-Pekka Luukkonen,BUF,G,5on4,14,4078.0,1.33,2.0,16.0,0.67,1.0,1.57,2.0,11.47,14.0,2.44,0.0,3.52,4.0,7.58,6.0,1.33,8.0,5.0,2.0,0.26,0.52,0.56,0.0,1.0,1.0,1.0,0.0,0.0
8474596,2025,Jake Allen,NJD,G,other,22,1614.0,4.84,4.0,51.0,2.64,4.0,5.7,3.0,31.52,27.0,0.78,0.0,17.81,20.0,9.93,11.0,4.44,24.0,11.0,7.0,1.2,1.44,2.2,1.0,1.0,2.0,9.0,0.0,0.0
8474596,2025,Jake Allen,NJD,G,all,22,77666.0,60.84,55.0,1278.0,47.79,87.0,164.24,125.0,676.81,622.0,22.93,1.0,364.83,311.0,261.43,342.0,58.28,681.0,178.0,63.0,19.97,22.54,18.33,18.0,24.0,13.0,356.0,0.0,0.0
8474596,2025,Jake Allen,NJD,G,5on5,22,65560.0,46.53,46.0,1060.0,36.59,69.0,137.66,106.0,548.92,502.0,18.69,1.0,293.18,253.0,215.55,272.0,44.83,561.0,143.0,44.0,16.5,18.34,11.69,16.0,22.0,8.0,312.0,0.0,0.0
8474596,2025,Jake Allen,NJD,G,4on5,22,5798.0,7.88,5.0,141.0,7.59,12.0,17.94,16.0,79.67,73.0,0.38,0.0,47.68,34.0,25.21,42.0,7.45,81.0,18.0,10.0,1.88,1.99,4.01,1.0,1.0,3.0,32.0,0.0,0.0
8474596,2025,Jake Allen,NJD,G,5on4,22,4694.0,1.38,0.0,21.0,0.8,2.0,2.33,0.0,13.76,16.0,3.03,0.0,4.8,3.0,9.18,14.0,1.35,12.0,5.0,2.0,0.27,0.69,0.43,0.0,0.0,0.0,2.0,0.0,0.0
8483548,2025,Brandon Bussi,CAR,G,other,17,2625.0,5.75,6.0,71.0,3.17,7.0,8.06,4.0,39.15,36.0,1.3,0.0,21.41,21.0,12.16,14.0,5.33,26.0,18.0,8.0,1.1,2.26,2.39,2.0,3.0,1.0,19.0,0.0,0.0
8483548,2025,Brandon Bussi,CAR,G,all,17,62398.0,45.16,39.0,816.0,32.87,53.0,109.53,80.0,457.05,413.0,22.26,1.0,234.81,191.0,171.2,244.0,42.98,415.0,144.0,50.0,12.86,17.2,15.1,13.0,16.0,10.0,207.0,2.0,1.0
8483548,2025,Brandon Bussi,CAR,G,5on5,17,50662.0,29.59,24.0,623.0,23.08,34.0,86.16,64.0,345.28,305.0,17.5,0.0,178.32,146.0,134.28,193.0,28.56,331.0,108.0,24.0,10.21,12.81,6.58,9.0,12.0,3.0,160.0,2.0,1.0
8483548,2025,Brandon Bussi,CAR,G,4on5,17,4131.0,7.92,9.0,102.0,5.86,11.0,13.48,11.0,58.93,54.0,0.62,0.0,30.51,22.0,16.25,23.0,7.26,50.0,11.0,15.0,1.38,1.3,5.24,2.0,1.0,6.0,26.0,0.0,0.0
8483548,2025,Brandon Bussi,CAR,G,5on4,17,4980.0,1.33,0.0,17.0,0.62,1.0,1.49,1.0,11.26,15.0,2.83,1.0,3.67,2.0,7.51,11.0,1.26,8.0,5.0,2.0,0.18,0.63,0.53,0.0,0.0,0.0,2.0,0.0,0.0
8479361,2025,Joseph Woll,TOR,G,other,15,1131.0,2.65,2.0,38.0,1.53,0.0,4.13,3.0,20.68,16.0,0.29,1.0,11.14,14.0,6.87,8.0,2.36,16.0,8.0,3.0,0.71,1.0,0.94,1.0,1.0,0.0,11.0,0.0,0.0
8479361,2025,Joseph Woll,TOR,G,all,15,49863.0,38.02,39.0,868.0,31.96,39.0,115.87,93.0,473.99,431.0,13.7,1.0,260.04,254.0,187.33,223.0,36.54,510.0,112.0,27.0,15.68,13.78,8.57,20.0,17.0,2.0,219.0,0.0,0.0
8479361,2025,Joseph Woll,TOR,G,5on5,15,42954.0,27.42,32.0,706.0,24.38,30.0,96.45,77.0,377.51,344.0,11.4,0.0,208.98,207.0,151.05,174.0,26.89,423.0,82.0,16.0,12.52,10.28,4.61,18.0,13.0,1.0,185.0,0.0,0.0
8479361,2025,Joseph Woll,TOR,G,4on5,15,3065.0,6.15,2.0,91.0,4.99,9.0,12.03,12.0,56.18,51.0,0.2,0.0,33.14,29.0,17.86,24.0,5.49,53.0,16.0,7.0,1.68,1.78,2.69,0.0,1.0,1.0,15.0,0.0,0.0
8479361,2025,Joseph Woll,TOR,G,5on4,15,2713.0,0.73,2.0,17.0,0.56,0.0,1.79,0.0,11.58,12.0,1.6,0.0,3.58,3.0,8.04,10.0,0.72,12.0,3.0,0.0,0.41,0.32,0.0,1.0,1.0,0.0,2.0,0.0,0.0
8471734,2025,Jonathan Quick,NYR,G,other,10,930.0,3.4,2.0,25.0,1.09,5.0,3.07,0.0,15.52,14.0,0.25,0.0,8.05,8.0,4.82,6.0,2.13,11.0,5.0,5.0,0.29,0.63,2.48,0.0,0.0,2.0,4.0,0.0,0.0
8471734,2025,Jonathan Quick,NYR,G,all,10,35802.0,27.46,21.0,586.0,20.54,35.0,74.11,46.0,305.78,278.0,10.02,0.0,164.82,158.0,118.72,156.0,25.41,317.0,72.0,27.0,8.84,9.16,9.46,5.0,11.0,5.0,170.0,2.0,1.0
8471734,2025,Jonathan Quick,NYR,G,5on5,10,29831.0,18.62,16.0,471.0,14.82,22.0,60.29,38.0,238.05,212.0,8.16,0.0,127.98,119.0,95.36,130.0,18.11,253.0,55.0,17.0,7.12,7.0,4.5,5.0,10.0,1.0,146.0,2.0,1.0
8471734,2025,Jonathan Quick,NYR,G,4on5,10,2688.0,5.06,3.0,81.0,4.37,7.0,9.82,7.0,46.08,45.0,0.2,0.0,26.96,31.0,14.14,14.0,4.79,46.0,11.0,5.0,1.18,1.41,2.47,0.0,1.0,2.0,19.0,0.0,0.0
8471734,2025,Jonathan Quick,NYR,G,5on4,10,2353.0,0.38,0.0,9.0,0.27,1.0,0.93,1.0,6.13,7.0,1.42,0.0,1.84,0.0,4.4,6.0,0.38,7.0,1.0,0.0,0.26,0.12,0.0,0.0,0.0,0.0,1.0,0.0,0.0
8480238,2025,Jiri Patera,VAN,G,other,1,31.0,0.0,0.0,0.0,0.0,0.0,0.0,0.0,0.0,0.0,0.0,0.0,0.0,0.0,0.0,0.0,0.0,0.0,0.0,0.0,0.0,0.0,0.0,0.0,0.0,0.0,0.0,0.0,0.0
8480238,2025,Jiri Patera,VAN,G,all,1,3409.0,3.38,7.0,68.0,2.53,1.0,8.5,10.0,36.48,40.0,0.67,0.0,20.34,21.0,14.09,11.0,3.31,38.0,9.0,3.0,1.31,1.26,0.81,4.0,1.0,2.0,18.0,0.0,0.0
8480238,2025,Jiri Patera,VAN,G,5on5,1,2372.0,2.27,5.0,52.0,1.88,1.0,6.83,8.0,28.69,32.0,0.5,0.0,15.47,18.0,11.65,7.0,2.23,31.0,7.0,1.0,0.97,0.97,0.33,4.0,0.0,1.0,13.0,0.0,0.0
8480238,2025,Jiri Patera,VAN,G,4on5,1,547.0,1.11,2.0,15.0,0.65,0.0,1.66,2.0,7.79,8.0,0.0,0.0,4.87,3.0,2.44,4.0,1.08,7.0,2.0,2.0,0.34,0.29,0.48,0.0,1.0,1.0,4.0,0.0,0.0
8480238,2025,Jiri Patera,VAN,G,5on4,1,459.0,0.0,0.0,1.0,0.0,0.0,0.0,0.0,0.0,0.0,0.17,0.0,0.0,0.0,0.0,0.0,0.0,0.0,0.0,0.0,0.0,0.0,0.0,0.0,0.0,0.0,1.0,0.0,0.0
8482447,2025,Leevi Merilinen,OTT,G,other,13,1540.0,2.27,0.0,32.0,1.72,4.0,4.2,4.0,20.13,12.0,0.52,0.0,12.52,12.0,4.52,6.0,1.56,16.0,8.0,2.0,0.67,1.06,0.55,0.0,0.0,0.0,6.0,0.0,0.0
8482447,2025,Leevi Merilinen,OTT,G,all,13,44159.0,31.1,41.0,637.0,24.24,43.0,80.11,71.0,338.46,327.0,12.92,1.0,181.51,161.0,130.79,143.0,29.08,340.0,86.0,33.0,10.0,10.57,10.53,13.0,17.0,11.0,178.0,0.0,0.0
8482447,2025,Leevi Merilinen,OTT,G,5on5,13,35262.0,22.99,31.0,515.0,18.71,37.0,65.77,55.0,267.85,254.0,10.29,0.0,141.66,125.0,106.0,116.0,21.94,271.0,71.0,22.0,7.84,8.67,6.47,11.0,13.0,7.0,151.0,0.0,0.0
8482447,2025,Leevi Merilinen,OTT,G,4on5,13,3293.0,4.97,8.0,76.0,3.25,2.0,8.55,11.0,40.02,49.0,0.21,0.0,23.84,22.0,13.11,12.0,4.72,42.0,5.0,8.0,1.13,0.55,3.29,1.0,3.0,4.0,21.0,0.0,0.0
8482447,2025,Leevi Merilinen,OTT,G,5on4,13,4064.0,0.87,2.0,14.0,0.56,0.0,1.58,1.0,10.47,12.0,1.9,1.0,3.48,2.0,7.17,9.0,0.86,11.0,2.0,1.0,0.36,0.29,0.22,1.0,1.0,0.0,0.0,0.0,0.0
8475717,2025,Calvin Pickard,EDM,G,other,15,1154.0,1.9,1.0,34.0,1.19,3.0,3.56,3.0,15.31,11.0,0.67,0.0,9.52,10.0,4.21,4.0,1.84,17.0,2.0,2.0,0.59,0.33,0.98,0.0,0.0,1.0,13.0,0.0,0.0
8475717,2025,Calvin Pickard,EDM,G,all,15,48248.0,47.69,50.0,782.0,30.02,45.0,100.29,66.0,430.84,394.0,13.59,1.0,226.45,209.0,162.21,209.0,44.02,400.0,130.0,51.0,12.62,16.34,18.73,15.0,18.0,17.0,201.0,0.0,0.0
8475717,2025,Calvin Pickard,EDM,G,5on5,15,40387.0,31.65,37.0,626.0,22.63,33.0,82.47,56.0,340.4,313.0,10.15,1.0,181.89,164.0,134.15,173.0,30.12,340.0,93.0,31.0,10.68,11.67,9.3,13.0,12.0,12.0,162.0,0.0,0.0
8475717,2025,Calvin Pickard,EDM,G,4on5,15,3288.0,12.62,8.0,105.0,5.49,9.0,12.51,6.0,62.55,55.0,0.36,0.0,31.19,31.0,16.03,25.0,10.55,35.0,28.0,17.0,1.14,3.33,8.16,2.0,3.0,3.0,25.0,0.0,0.0
8475717,2025,Calvin Pickard,EDM,G,5on4,15,3419.0,1.15,2.0,14.0,0.55,0.0,1.33,1.0,10.16,12.0,2.28,0.0,2.94,4.0,6.76,6.0,1.15,7.0,5.0,1.0,0.15,0.71,0.29,0.0,1.0,1.0,1.0,0.0,0.0
8482783,2025,Aleksei Kolosov,PHI,G,other,2,63.0,0.0,0.0,0.0,0.0,0.0,0.0,0.0,0.0,0.0,0.0,0.0,0.0,0.0,0.0,0.0,0.0,0.0,0.0,0.0,0.0,0.0,0.0,0.0,0.0,0.0,0.0,0.0,0.0
8482783,2025,Aleksei Kolosov,PHI,G,all,2,4433.0,1.38,2.0,55.0,1.75,1.0,7.12,8.0,27.2,28.0,1.04,0.0,15.07,10.0,10.79,16.0,1.34,33.0,3.0,1.0,0.73,0.35,0.29,1.0,1.0,0.0,18.0,0.0,0.0
8482783,2025,Aleksei Kolosov,PHI,G,5on5,2,3667.0,1.19,2.0,45.0,1.22,1.0,5.59,5.0,20.48,23.0,0.93,0.0,10.98,6.0,8.37,14.0,1.15,24.0,3.0,1.0,0.54,0.35,0.29,1.0,1.0,0.0,17.0,0.0,0.0
8482783,2025,Aleksei Kolosov,PHI,G,4on5,2,337.0,0.12,0.0,9.0,0.5,0.0,1.4,2.0,5.91,4.0,0.02,0.0,3.92,4.0,1.85,2.0,0.12,8.0,0.0,0.0,0.12,0.0,0.0,0.0,0.0,0.0,1.0,0.0,0.0
8482783,2025,Aleksei Kolosov,PHI,G,5on4,2,366.0,0.07,0.0,1.0,0.03,0.0,0.13,1.0,0.8,1.0,0.09,0.0,0.18,0.0,0.57,0.0,0.07,1.0,0.0,0.0,0.07,0.0,0.0,0.0,0.0,0.0,0.0,0.0,0.0
8478435,2025,Dan Vladar,PHI,G,other,24,2192.0,4.27,1.0,56.0,2.19,5.0,5.97,5.0,29.38,22.0,0.82,0.0,16.36,18.0,9.22,10.0,3.86,22.0,11.0,6.0,1.02,1.24,2.01,0.0,1.0,0.0,17.0,0.0,0.0
8478435,2025,Dan Vladar,PHI,G,all,24,86011.0,65.56,57.0,1353.0,48.7,75.0,175.7,131.0,719.84,633.0,22.13,0.0,391.24,374.0,282.33,352.0,63.28,769.0,151.0,69.0,23.99,18.39,23.17,25.0,18.0,14.0,364.0,2.0,1.0
8478435,2025,Dan Vladar,PHI,G,5on5,24,70602.0,44.47,38.0,1059.0,35.32,54.0,142.89,108.0,558.67,493.0,17.5,0.0,302.01,292.0,224.34,277.0,43.27,610.0,116.0,43.0,18.21,14.07,12.18,20.0,13.0,5.0,290.0,2.0,1.0
8478435,2025,Dan Vladar,PHI,G,4on5,24,7053.0,13.93,15.0,199.0,9.81,12.0,23.15,17.0,106.89,93.0,0.5,0.0,64.72,62.0,33.61,43.0,13.37,114.0,19.0,16.0,3.68,2.3,7.95,4.0,2.0,9.0,50.0,0.0,0.0
8478435,2025,Dan Vladar,PHI,G,5on4,24,6164.0,2.09,1.0,28.0,0.89,4.0,2.51,1.0,17.82,17.0,3.21,0.0,5.1,1.0,11.89,16.0,1.98,17.0,2.0,4.0,0.75,0.31,1.03,1.0,0.0,0.0,5.0,0.0,0.0
8476932,2025,Anthony Stolarz,TOR,G,other,13,1283.0,1.97,1.0,38.0,1.47,3.0,3.68,4.0,16.4,15.0,0.26,0.0,10.69,10.0,4.48,5.0,1.75,14.0,8.0,1.0,0.6,1.04,0.33,0.0,1.0,0.0,15.0,0.0,0.0
8476932,2025,Anthony Stolarz,TOR,G,all,13,42073.0,32.73,41.0,713.0,27.6,38.0,92.15,77.0,379.76,353.0,10.98,1.0,212.03,184.0,147.52,184.0,31.55,414.0,78.0,33.0,11.63,9.43,11.67,16.0,15.0,10.0,188.0,0.0,0.0
8476932,2025,Anthony Stolarz,TOR,G,5on5,13,34493.0,23.79,29.0,553.0,19.47,25.0,73.24,60.0,292.2,266.0,8.65,1.0,162.23,146.0,117.4,146.0,23.2,319.0,62.0,25.0,9.01,7.34,7.44,12.0,12.0,5.0,147.0,0.0,0.0
8476932,2025,Anthony Stolarz,TOR,G,4on5,13,3486.0,5.68,8.0,106.0,6.01,9.0,13.48,11.0,58.96,58.0,0.33,0.0,34.78,25.0,18.02,26.0,5.38,69.0,5.0,6.0,1.53,0.65,3.49,3.0,0.0,5.0,26.0,0.0,0.0
8476932,2025,Anthony Stolarz,TOR,G,5on4,13,2811.0,0.92,2.0,12.0,0.4,1.0,1.27,1.0,9.13,10.0,1.71,0.0,2.75,1.0,6.39,7.0,0.89,10.0,1.0,1.0,0.37,0.14,0.41,1.0,1.0,0.0,0.0,0.0,0.0
8481035,2025,Samuel Ersson,PHI,G,other,15,1038.0,2.3,4.0,35.0,1.41,0.0,4.22,3.0,21.53,18.0,0.51,0.0,12.03,9.0,9.29,14.0,2.25,16.0,14.0,0.0,0.76,1.54,0.0,1.0,3.0,0.0,5.0,0.0,0.0
8481035,2025,Samuel Ersson,PHI,G,all,15,55894.0,43.0,48.0,877.0,30.92,42.0,108.39,62.0,453.61,363.0,14.24,0.0,244.83,210.0,174.86,255.0,40.37,445.0,137.0,35.0,14.23,16.33,12.44,26.0,16.0,6.0,260.0,0.0,0.0
8481035,2025,Samuel Ersson,PHI,G,5on5,15,46546.0,28.24,36.0,681.0,22.11,34.0,84.87,46.0,339.05,265.0,11.06,0.0,183.34,156.0,134.12,192.0,27.13,352.0,87.0,25.0,10.74,10.37,7.14,24.0,9.0,3.0,217.0,0.0,0.0
8481035,2025,Samuel Ersson,PHI,G,4on5,15,4652.0,10.91,7.0,136.0,6.42,8.0,16.59,10.0,77.22,66.0,0.39,0.0,43.72,40.0,22.91,38.0,9.44,63.0,30.0,10.0,2.06,3.55,5.31,0.0,4.0,3.0,33.0,0.0,0.0
8481035,2025,Samuel Ersson,PHI,G,5on4,15,3658.0,0.68,1.0,11.0,0.33,0.0,1.29,1.0,7.6,5.0,2.08,0.0,2.29,2.0,5.16,6.0,0.67,9.0,1.0,0.0,0.49,0.19,0.0,1.0,0.0,0.0,1.0,0.0,0.0
8476341,2025,Anton Forsberg,LAK,G,other,15,1859.0,3.39,4.0,53.0,2.4,0.0,6.23,11.0,30.19,28.0,0.35,0.0,17.86,16.0,10.99,11.0,3.22,25.0,15.0,2.0,0.92,1.89,0.58,0.0,3.0,1.0,11.0,0.0,0.0
8476341,2025,Anton Forsberg,LAK,G,all,15,53331.0,42.81,40.0,857.0,30.83,55.0,111.18,93.0,458.39,403.0,13.81,1.0,241.27,210.0,182.25,226.0,39.6,442.0,150.0,32.0,12.55,18.36,11.91,11.0,19.0,10.0,233.0,4.0,2.0
8476341,2025,Anton Forsberg,LAK,G,5on5,15,42855.0,27.52,25.0,681.0,22.59,42.0,89.82,60.0,350.45,303.0,10.79,1.0,185.86,166.0,141.24,186.0,26.7,356.0,108.0,15.0,9.79,13.39,4.34,8.0,13.0,4.0,202.0,4.0,2.0
8476341,2025,Anton Forsberg,LAK,G,4on5,15,4604.0,10.2,9.0,97.0,4.99,8.0,12.25,19.0,59.28,55.0,0.59,0.0,31.56,24.0,17.06,18.0,8.02,44.0,20.0,14.0,1.31,2.17,6.73,2.0,2.0,5.0,19.0,0.0,0.0
8476341,2025,Anton Forsberg,LAK,G,5on4,15,4013.0,1.61,2.0,24.0,0.78,5.0,2.55,3.0,16.96,16.0,1.99,0.0,5.38,3.0,12.11,10.0,1.57,15.0,7.0,1.0,0.45,0.91,0.25,1.0,1.0,0.0,1.0,0.0,0.0
8481668,2025,Arturs Silovs,PIT,G,other,19,1036.0,3.79,7.0,51.0,2.06,1.0,5.21,3.0,28.66,27.0,0.71,0.0,15.56,14.0,11.45,14.0,3.66,23.0,14.0,2.0,1.02,1.73,1.03,2.0,3.0,2.0,12.0,0.0,0.0
8481668,2025,Arturs Silovs,PIT,G,all,19,65598.0,55.15,59.0,1082.0,40.3,61.0,132.39,105.0,569.44,510.0,19.66,1.0,302.31,255.0,221.92,291.0,51.36,550.0,161.0,60.0,16.0,19.75,19.4,24.0,23.0,12.0,311.0,2.0,2.0
8481668,2025,Arturs Silovs,PIT,G,5on5,19,54294.0,40.97,44.0,873.0,31.06,53.0,110.58,84.0,455.69,412.0,15.49,1.0,241.46,206.0,177.69,230.0,39.27,441.0,135.0,41.0,12.99,16.71,11.27,22.0,19.0,3.0,256.0,2.0,1.0
8481668,2025,Arturs Silovs,PIT,G,4on5,19,5124.0,8.05,7.0,126.0,6.11,5.0,13.54,15.0,64.91,53.0,0.72,0.0,38.67,31.0,19.49,30.0,6.12,68.0,6.0,14.0,1.37,0.59,6.08,0.0,0.0,7.0,38.0,0.0,0.0
8481668,2025,Arturs Silovs,PIT,G,5on4,19,5144.0,2.16,1.0,27.0,0.91,2.0,2.46,3.0,17.35,17.0,2.61,0.0,5.28,2.0,11.66,15.0,2.12,14.0,6.0,3.0,0.43,0.72,1.01,0.0,1.0,0.0,4.0,0.0,1.0
8476412,2025,Jordan Binnington,STL,G,other,25,1696.0,5.94,3.0,69.0,2.96,6.0,7.21,7.0,38.3,36.0,0.14,0.0,23.25,20.0,10.37,14.0,4.92,32.0,10.0,9.0,1.23,1.16,3.55,1.0,1.0,1.0,18.0,0.0,0.0
8476412,2025,Jordan Binnington,STL,G,all,25,81526.0,62.3,77.0,1247.0,44.22,71.0,159.15,105.0,662.37,613.0,20.76,0.0,351.62,309.0,258.48,333.0,59.26,672.0,155.0,71.0,19.48,19.98,22.83,31.0,24.0,22.0,349.0,0.0,0.0
8476412,2025,Jordan Binnington,STL,G,5on5,25,68919.0,44.36,56.0,1029.0,34.87,56.0,136.28,96.0,539.99,497.0,17.4,0.0,284.24,252.0,214.03,270.0,42.75,566.0,120.0,46.0,16.4,15.82,12.14,28.0,17.0,11.0,297.0,0.0,0.0
8476412,2025,Jordan Binnington,STL,G,4on5,25,4889.0,9.21,14.0,114.0,4.93,8.0,11.75,1.0,60.24,55.0,0.29,0.0,35.45,26.0,19.72,34.0,8.91,54.0,17.0,12.0,1.21,1.93,6.07,1.0,4.0,9.0,31.0,0.0,0.0
8476412,2025,Jordan Binnington,STL,G,5on4,25,6022.0,1.54,1.0,23.0,0.91,1.0,2.46,0.0,15.35,16.0,2.7,0.0,5.24,7.0,10.33,12.0,1.53,15.0,4.0,2.0,0.46,0.63,0.45,0.0,1.0,0.0,2.0,0.0,0.0
8478470,2025,Samuel Montembeault,MTL,G,other,17,1938.0,3.56,3.0,42.0,1.22,1.0,3.96,4.0,21.01,19.0,0.93,0.0,10.62,7.0,7.01,12.0,3.29,15.0,7.0,5.0,0.71,0.73,2.12,0.0,1.0,2.0,15.0,0.0,0.0
8478470,2025,Samuel Montembeault,MTL,G,all,17,55908.0,44.79,54.0,878.0,30.93,49.0,106.81,85.0,452.93,400.0,15.22,1.0,240.49,232.0,170.06,188.0,42.02,437.0,124.0,47.0,12.57,15.1,17.12,22.0,17.0,15.0,270.0,0.0,0.0
8478470,2025,Samuel Montembeault,MTL,G,5on5,17,44003.0,27.83,40.0,670.0,21.75,36.0,84.32,59.0,341.01,302.0,11.12,0.0,180.53,181.0,134.39,144.0,26.79,346.0,91.0,23.0,10.41,11.28,6.15,20.0,14.0,6.0,210.0,0.0,0.0
8478470,2025,Samuel Montembeault,MTL,G,4on5,17,4934.0,13.07,11.0,156.0,7.8,12.0,17.88,20.0,86.52,76.0,0.42,0.0,48.01,43.0,25.27,29.0,11.62,72.0,24.0,19.0,1.39,2.82,8.86,2.0,2.0,7.0,41.0,0.0,0.0
8478470,2025,Samuel Montembeault,MTL,G,5on4,17,5033.0,0.33,0.0,10.0,0.17,0.0,0.66,2.0,4.39,3.0,2.75,1.0,1.33,1.0,3.39,3.0,0.33,4.0,2.0,0.0,0.06,0.26,0.0,0.0,0.0,0.0,4.0,0.0,0.0
8481551,2025,Colten Ellis,BUF,G,other,8,666.0,2.75,1.0,28.0,1.38,2.0,3.04,4.0,16.28,16.0,0.18,0.0,9.98,12.0,4.3,3.0,2.01,12.0,7.0,3.0,0.65,1.02,1.08,0.0,1.0,0.0,6.0,0.0,0.0
8481551,2025,Colten Ellis,BUF,G,all,8,26567.0,21.27,24.0,462.0,16.39,21.0,59.99,50.0,243.88,228.0,7.57,0.0,129.6,135.0,92.58,98.0,19.51,245.0,65.0,18.0,7.51,8.42,5.34,8.0,11.0,5.0,134.0,0.0,0.0
8481551,2025,Colten Ellis,BUF,G,5on5,8,21451.0,15.21,20.0,368.0,12.01,16.0,48.69,36.0,191.12,177.0,6.08,0.0,99.68,108.0,76.1,78.0,14.56,198.0,48.0,12.0,5.63,6.19,3.39,6.0,9.0,5.0,110.0,0.0,0.0
8481551,2025,Colten Ellis,BUF,G,4on5,8,1751.0,3.22,3.0,58.0,2.9,3.0,7.68,10.0,33.42,31.0,0.09,0.0,18.99,14.0,9.97,14.0,2.85,31.0,10.0,3.0,1.14,1.2,0.88,2.0,1.0,0.0,14.0,0.0,0.0
8481551,2025,Colten Ellis,BUF,G,5on4,8,2699.0,0.08,0.0,8.0,0.1,0.0,0.58,0.0,3.07,4.0,1.23,0.0,0.94,1.0,2.21,3.0,0.08,4.0,0.0,0.0,0.08,0.0,0.0,0.0,0.0,0.0,4.0,0.0,0.0
8479973,2025,Stuart Skinner,PIT,G,other,28,1850.0,6.4,4.0,67.0,2.84,3.0,7.02,7.0,38.18,41.0,0.59,0.0,19.75,19.0,12.7,17.0,5.38,23.0,20.0,7.0,0.73,2.45,3.22,0.0,3.0,1.0,17.0,0.0,0.0
8479973,2025,Stuart Skinner,PIT,G,all,28,96530.0,77.05,76.0,1527.0,56.4,81.0,190.16,159.0,801.43,681.0,26.46,1.0,436.02,376.0,310.49,404.0,73.46,814.0,208.0,75.0,25.93,25.47,25.65,28.0,27.0,21.0,430.0,0.0,0.0
8479973,2025,Stuart Skinner,PIT,G,5on5,28,82909.0,54.87,55.0,1245.0,42.97,66.0,159.05,127.0,641.62,529.0,22.05,1.0,348.87,298.0,255.65,336.0,53.07,680.0,153.0,50.0,21.58,19.02,14.27,27.0,18.0,10.0,362.0,0.0,0.0
8479973,2025,Stuart Skinner,PIT,G,4on5,28,6010.0,14.27,14.0,194.0,9.78,12.0,22.06,23.0,106.61,94.0,0.49,0.0,62.44,56.0,31.9,39.0,13.49,98.0,29.0,17.0,3.1,3.22,7.95,1.0,4.0,9.0,50.0,0.0,0.0
8479973,2025,Stuart Skinner,PIT,G,5on4,28,5761.0,1.18,2.0,18.0,0.65,0.0,1.69,2.0,12.61,14.0,2.95,0.0,4.03,2.0,9.06,11.0,1.17,12.0,4.0,1.0,0.46,0.51,0.2,0.0,1.0,1.0,1.0,0.0,0.0
8483114,2025,Thomas Milic,WPG,G,other,3,120.0,0.4,0.0,4.0,0.14,1.0,0.69,0.0,2.41,1.0,0.05,0.0,0.85,0.0,0.83,2.0,0.38,1.0,1.0,1.0,0.08,0.09,0.23,0.0,0.0,0.0,1.0,0.0,0.0
8483114,2025,Thomas Milic,WPG,G,all,3,8318.0,6.17,8.0,129.0,4.49,8.0,17.15,14.0,70.37,62.0,1.71,1.0,37.12,33.0,27.75,32.0,5.93,69.0,18.0,8.0,2.14,2.04,1.98,4.0,4.0,0.0,34.0,2.0,1.0
8483114,2025,Thomas Milic,WPG,G,5on5,3,7118.0,5.09,8.0,105.0,3.77,7.0,14.92,13.0,60.45,55.0,1.51,1.0,32.42,28.0,23.76,26.0,4.87,62.0,13.0,7.0,1.87,1.47,1.75,4.0,4.0,0.0,23.0,2.0,1.0
8483114,2025,Thomas Milic,WPG,G,4on5,3,720.0,0.55,0.0,17.0,0.47,0.0,1.06,1.0,5.15,3.0,0.06,0.0,3.13,3.0,1.65,3.0,0.55,4.0,3.0,0.0,0.16,0.39,0.0,0.0,0.0,0.0,10.0,0.0,0.0
8483114,2025,Thomas Milic,WPG,G,5on4,3,360.0,0.13,0.0,3.0,0.1,0.0,0.47,0.0,2.36,3.0,0.09,0.0,0.72,2.0,1.51,1.0,0.13,2.0,1.0,0.0,0.04,0.09,0.0,0.0,0.0,0.0,0.0,0.0,0.0
8484170,2025,Jacob Fowler,MTL,G,other,7,1016.0,2.55,2.0,33.0,1.34,4.0,3.12,2.0,16.26,15.0,0.5,0.0,9.69,11.0,4.61,3.0,2.04,12.0,6.0,4.0,0.51,0.74,1.3,1.0,1.0,0.0,11.0,0.0,0.0
8484170,2025,Jacob Fowler,MTL,G,all,7,25231.0,21.65,18.0,398.0,15.52,33.0,49.17,32.0,208.09,186.0,7.6,0.0,111.01,105.0,76.29,93.0,19.97,187.0,71.0,23.0,6.09,9.07,6.49,6.0,10.0,2.0,117.0,0.0,0.0
8484170,2025,Jacob Fowler,MTL,G,5on5,7,19996.0,13.32,13.0,286.0,9.82,17.0,36.17,18.0,147.82,126.0,6.07,0.0,78.74,79.0,56.92,73.0,12.86,142.0,49.0,9.0,4.65,6.31,2.36,4.0,8.0,1.0,86.0,0.0,0.0
8484170,2025,Jacob Fowler,MTL,G,4on5,7,2263.0,4.93,2.0,70.0,4.05,11.0,9.18,12.0,38.21,40.0,0.19,0.0,20.86,15.0,11.5,12.0,4.26,30.0,15.0,7.0,0.82,1.91,2.2,0.0,1.0,1.0,18.0,0.0,0.0
8484170,2025,Jacob Fowler,MTL,G,5on4,7,1956.0,0.53,1.0,7.0,0.18,1.0,0.45,0.0,4.12,4.0,0.75,0.0,1.11,0.0,2.62,3.0,0.49,3.0,0.0,2.0,0.12,0.0,0.41,1.0,0.0,0.0,2.0,0.0,0.0
8479312,2025,Alex Lyon,BUF,G,other,21,2258.0,3.44,4.0,52.0,1.98,3.0,5.99,4.0,27.7,26.0,0.78,0.0,13.86,11.0,9.79,14.0,3.31,24.0,8.0,4.0,1.05,1.11,1.28,1.0,1.0,2.0,16.0,0.0,0.0
8479312,2025,Alex Lyon,BUF,G,all,21,68846.0,55.6,54.0,1219.0,45.55,71.0,158.56,131.0,651.92,577.0,20.12,0.0,351.04,304.0,254.49,326.0,53.04,683.0,146.0,58.0,18.71,17.85,19.04,18.0,25.0,11.0,332.0,0.0,0.0
8479312,2025,Alex Lyon,BUF,G,5on5,21,55829.0,40.29,40.0,941.0,32.62,54.0,125.65,103.0,504.13,443.0,15.96,0.0,268.83,237.0,201.95,251.0,38.88,533.0,116.0,37.0,15.1,14.25,10.94,15.0,20.0,5.0,255.0,0.0,0.0
8479312,2025,Alex Lyon,BUF,G,4on5,21,5662.0,10.48,8.0,197.0,9.83,14.0,24.11,24.0,104.57,92.0,0.46,0.0,61.56,51.0,32.51,45.0,9.53,111.0,15.0,16.0,2.22,1.69,6.58,2.0,2.0,4.0,55.0,0.0,0.0
8479312,2025,Alex Lyon,BUF,G,5on4,21,5097.0,0.86,0.0,21.0,0.8,0.0,1.85,0.0,10.98,11.0,2.91,0.0,4.72,4.0,8.31,13.0,0.78,13.0,3.0,1.0,0.23,0.38,0.24,0.0,0.0,0.0,4.0,0.0,0.0
8482661,2025,Jesper Wallstedt,MIN,G,other,17,1675.0,4.55,2.0,70.0,3.36,2.0,7.96,5.0,40.09,33.0,0.38,0.0,24.72,30.0,11.94,14.0,4.31,36.0,13.0,5.0,1.32,1.52,1.71,0.0,1.0,1.0,16.0,0.0,0.0
8482661,2025,Jesper Wallstedt,MIN,G,all,17,62600.0,46.74,40.0,1115.0,40.32,50.0,141.12,123.0,577.58,542.0,17.08,0.0,322.66,305.0,228.78,279.0,44.79,652.0,108.0,39.0,19.64,13.35,13.76,15.0,14.0,11.0,316.0,2.0,1.0
8482661,2025,Jesper Wallstedt,MIN,G,5on5,17,52090.0,32.51,27.0,906.0,30.23,38.0,117.75,105.0,461.07,434.0,13.16,0.0,256.97,239.0,188.97,233.0,31.49,538.0,82.0,22.0,15.92,10.09,6.49,13.0,11.0,3.0,264.0,2.0,1.0
8482661,2025,Jesper Wallstedt,MIN,G,4on5,17,3903.0,8.06,9.0,114.0,5.99,8.0,12.91,13.0,60.87,60.0,0.22,0.0,35.98,32.0,18.14,20.0,7.41,65.0,7.0,11.0,1.9,0.94,5.22,1.0,1.0,7.0,31.0,0.0,0.0
8482661,2025,Jesper Wallstedt,MIN,G,5on4,17,4932.0,1.24,0.0,19.0,0.54,2.0,1.65,0.0,11.77,11.0,3.04,0.0,3.42,3.0,7.84,10.0,1.19,9.0,5.0,1.0,0.23,0.68,0.33,0.0,0.0,0.0,4.0,0.0,0.0
8475831,2025,Philipp Grubauer,SEA,G,other,13,1291.0,2.4,2.0,33.0,1.6,2.0,3.99,5.0,20.49,20.0,0.75,0.0,12.09,12.0,7.19,7.0,2.24,16.0,10.0,2.0,0.82,1.14,0.43,1.0,0.0,1.0,5.0,0.0,0.0
8475831,2025,Philipp Grubauer,SEA,G,all,13,41913.0,35.58,27.0,743.0,28.41,52.0,94.14,70.0,384.88,338.0,11.5,1.0,211.85,203.0,147.81,179.0,33.31,404.0,82.0,45.0,12.0,10.19,13.39,9.0,9.0,9.0,212.0,0.0,0.0
8475831,2025,Philipp Grubauer,SEA,G,5on5,13,34654.0,26.72,17.0,598.0,20.93,45.0,76.28,54.0,300.79,262.0,9.13,1.0,162.29,155.0,119.43,145.0,25.29,321.0,59.0,36.0,9.49,7.37,9.86,6.0,6.0,5.0,182.0,0.0,0.0
8475831,2025,Philipp Grubauer,SEA,G,4on5,13,3240.0,5.95,8.0,105.0,5.62,5.0,13.24,10.0,59.0,51.0,0.12,0.0,36.03,35.0,18.13,23.0,5.29,63.0,12.0,6.0,1.61,1.5,2.84,2.0,3.0,3.0,24.0,0.0,0.0
8475831,2025,Philipp Grubauer,SEA,G,5on4,13,2728.0,0.51,0.0,7.0,0.25,0.0,0.63,1.0,4.61,5.0,1.48,0.0,1.43,1.0,3.06,4.0,0.5,4.0,1.0,1.0,0.06,0.18,0.26,0.0,0.0,0.0,1.0,0.0,0.0
8482821,2025,Arvid Soderblom,CHI,G,other,14,689.0,1.86,2.0,14.0,0.67,1.0,1.81,0.0,9.55,7.0,0.44,0.0,4.52,5.0,2.77,4.0,1.81,4.0,5.0,3.0,0.23,0.63,1.0,0.0,1.0,1.0,2.0,0.0,0.0
8482821,2025,Arvid Soderblom,CHI,G,all,14,48414.0,47.06,52.0,792.0,31.81,49.0,107.68,82.0,454.62,408.0,12.2,1.0,237.62,210.0,169.83,214.0,44.81,419.0,140.0,50.0,13.04,18.36,15.66,20.0,20.0,12.0,183.0,2.0,1.0
8482821,2025,Arvid Soderblom,CHI,G,5on5,14,39587.0,33.95,42.0,648.0,23.72,39.0,89.83,66.0,364.69,328.0,9.92,1.0,191.22,166.0,141.25,178.0,32.6,365.0,92.0,35.0,11.17,12.22,10.56,20.0,15.0,7.0,156.0,0.0,0.0
8482821,2025,Arvid Soderblom,CHI,G,4on5,14,4469.0,10.45,7.0,119.0,6.99,8.0,14.87,15.0,73.09,64.0,0.3,0.0,39.35,38.0,20.98,26.0,9.61,44.0,40.0,11.0,1.54,5.07,3.85,0.0,4.0,3.0,24.0,0.0,0.0
8482821,2025,Arvid Soderblom,CHI,G,5on4,14,3669.0,0.79,1.0,11.0,0.43,1.0,1.17,1.0,7.29,9.0,1.5,0.0,2.54,1.0,4.82,6.0,0.79,6.0,3.0,1.0,0.11,0.43,0.25,0.0,0.0,1.0,1.0,2.0,1.0
8478007,2025,Elvis Merzlikins,CBJ,G,other,14,1183.0,1.15,2.0,30.0,1.19,0.0,2.68,4.0,13.72,13.0,0.64,1.0,10.72,8.0,4.73,7.0,1.08,16.0,5.0,0.0,0.65,0.5,0.0,2.0,0.0,0.0,9.0,0.0,0.0
8478007,2025,Elvis Merzlikins,CBJ,G,all,14,48176.0,46.64,54.0,848.0,32.99,61.0,111.98,80.0,474.57,440.0,13.23,1.0,257.52,215.0,183.35,236.0,43.65,477.0,124.0,47.0,16.76,15.19,14.69,28.0,16.0,10.0,200.0,0.0,0.0
8478007,2025,Elvis Merzlikins,CBJ,G,5on5,14,40107.0,32.85,35.0,665.0,24.57,49.0,91.4,59.0,369.48,339.0,10.57,0.0,196.63,176.0,145.34,183.0,31.24,379.0,90.0,34.0,12.46,11.1,9.29,20.0,10.0,5.0,162.0,0.0,0.0
8478007,2025,Elvis Merzlikins,CBJ,G,4on5,14,3783.0,11.58,16.0,130.0,6.6,12.0,16.09,15.0,77.19,73.0,0.27,0.0,45.07,29.0,23.31,32.0,10.27,67.0,26.0,12.0,3.3,3.12,5.16,6.0,5.0,5.0,25.0,0.0,0.0
8478007,2025,Elvis Merzlikins,CBJ,G,5on4,14,3103.0,0.61,0.0,14.0,0.35,0.0,1.12,1.0,9.74,11.0,1.55,0.0,3.09,2.0,7.56,10.0,0.6,11.0,1.0,1.0,0.19,0.18,0.24,0.0,0.0,0.0,1.0,0.0,0.0
8481611,2025,Pyotr Kochetkov,CAR,G,other,9,545.0,0.88,0.0,17.0,0.63,2.0,2.63,3.0,8.8,4.0,0.16,0.0,4.87,4.0,2.6,3.0,0.73,7.0,4.0,1.0,0.14,0.49,0.24,0.0,0.0,0.0,5.0,0.0,0.0
8481611,2025,Pyotr Kochetkov,CAR,G,all,9,29409.0,18.97,19.0,368.0,13.69,25.0,48.58,43.0,202.59,189.0,9.98,2.0,109.16,85.0,80.64,106.0,18.14,204.0,55.0,19.0,5.89,6.71,6.37,3.0,10.0,6.0,90.0,0.0,0.0
8481611,2025,Pyotr Kochetkov,CAR,G,5on5,9,24727.0,12.81,15.0,288.0,10.39,19.0,38.95,36.0,158.62,146.0,8.31,2.0,86.33,64.0,64.2,84.0,12.42,171.0,35.0,12.0,4.88,4.34,3.59,3.0,8.0,4.0,70.0,0.0,0.0
8481611,2025,Pyotr Kochetkov,CAR,G,4on5,9,1936.0,4.05,3.0,47.0,2.1,4.0,4.92,4.0,24.1,27.0,0.19,0.0,14.0,15.0,7.08,7.0,3.77,17.0,11.0,5.0,0.53,1.28,2.24,0.0,1.0,2.0,14.0,0.0,0.0
8481611,2025,Pyotr Kochetkov,CAR,G,5on4,9,2201.0,1.04,1.0,12.0,0.46,0.0,1.61,0.0,8.74,11.0,1.16,0.0,3.02,1.0,5.55,10.0,1.03,7.0,4.0,1.0,0.26,0.48,0.29,0.0,1.0,0.0,0.0,0.0,0.0
8475683,2025,Sergei Bobrovsky,FLA,G,other,28,2732.0,6.46,4.0,81.0,3.3,2.0,9.23,10.0,45.01,40.0,0.97,0.0,24.53,26.0,15.8,19.0,5.8,36.0,17.0,8.0,1.35,2.1,3.01,1.0,2.0,1.0,20.0,0.0,0.0
8475683,2025,Sergei Bobrovsky,FLA,G,all,28,98790.0,74.92,78.0,1430.0,52.32,82.0,193.17,144.0,782.69,680.0,30.59,2.0,410.5,362.0,305.18,394.0,70.28,783.0,202.0,78.0,21.87,25.09,27.96,26.0,33.0,19.0,367.0,2.0,1.0
8475683,2025,Sergei Bobrovsky,FLA,G,5on5,28,77789.0,48.96,56.0,1130.0,38.79,64.0,156.18,116.0,609.12,527.0,23.19,2.0,321.26,286.0,244.12,305.0,46.68,633.0,154.0,43.0,17.65,19.36,11.94,23.0,26.0,7.0,300.0,2.0,1.0
8475683,2025,Sergei Bobrovsky,FLA,G,4on5,28,8568.0,18.37,17.0,191.0,9.41,16.0,25.05,16.0,111.3,92.0,1.02,0.0,59.08,45.0,32.08,54.0,16.67,93.0,29.0,26.0,2.21,3.37,12.79,1.0,5.0,11.0,43.0,0.0,0.0
8475683,2025,Sergei Bobrovsky,FLA,G,5on4,28,9701.0,1.14,1.0,28.0,0.81,0.0,2.71,2.0,17.26,21.0,5.41,0.0,5.63,5.0,13.18,16.0,1.13,21.0,2.0,1.0,0.67,0.25,0.22,1.0,0.0,0.0,4.0,0.0,0.0
8481692,2025,Dustin Wolf,CGY,G,other,32,3619.0,5.59,3.0,90.0,3.16,3.0,9.8,13.0,44.84,41.0,0.87,0.0,25.74,22.0,15.11,19.0,4.97,34.0,23.0,4.0,1.51,2.76,1.32,0.0,2.0,1.0,29.0,0.0,0.0
8481692,2025,Dustin Wolf,CGY,G,all,32,105620.0,80.69,84.0,1705.0,64.42,81.0,214.66,210.0,902.94,843.0,29.77,2.0,486.0,400.0,356.19,453.0,77.17,914.0,239.0,79.0,26.62,29.6,24.47,26.0,35.0,23.0,473.0,2.0,1.0
8481692,2025,Dustin Wolf,CGY,G,5on5,32,84262.0,54.83,59.0,1323.0,44.83,55.0,168.66,170.0,677.5,619.0,23.52,1.0,361.18,307.0,272.96,332.0,52.85,711.0,164.0,50.0,20.77,20.35,13.71,25.0,23.0,11.0,398.0,2.0,1.0
8481692,2025,Dustin Wolf,CGY,G,4on5,32,8041.0,16.38,21.0,240.0,14.28,20.0,30.93,26.0,145.02,145.0,0.74,0.0,85.9,59.0,45.77,71.0,15.56,141.0,36.0,21.0,3.52,4.5,8.36,0.0,10.0,11.0,42.0,0.0,0.0
8481692,2025,Dustin Wolf,CGY,G,5on4,32,9698.0,2.79,1.0,41.0,1.68,2.0,4.03,1.0,27.97,30.0,4.46,1.0,9.57,6.0,18.98,28.0,2.78,23.0,12.0,3.0,0.59,1.52,0.68,1.0,0.0,0.0,3.0,0.0,0.0
8476434,2025,John Gibson,DET,G,other,24,2747.0,3.51,4.0,62.0,2.03,3.0,6.52,6.0,28.92,31.0,0.46,0.0,16.47,12.0,10.48,15.0,3.4,24.0,12.0,4.0,0.83,1.47,1.22,0.0,4.0,0.0,22.0,0.0,0.0
8476434,2025,John Gibson,DET,G,all,24,83436.0,66.85,68.0,1425.0,49.81,72.0,176.62,147.0,726.26,648.0,23.79,3.0,394.6,351.0,282.95,357.0,63.75,739.0,194.0,62.0,22.8,24.15,19.91,27.0,27.0,14.0,430.0,2.0,1.0
8476434,2025,John Gibson,DET,G,5on5,24,69109.0,49.87,51.0,1146.0,38.23,60.0,146.56,122.0,581.83,521.0,19.84,2.0,310.3,277.0,229.59,284.0,47.31,598.0,152.0,44.0,18.65,19.29,11.92,26.0,20.0,5.0,352.0,2.0,1.0
8476434,2025,John Gibson,DET,G,4on5,24,5996.0,11.92,11.0,193.0,8.67,8.0,21.41,19.0,101.54,79.0,0.27,0.0,63.09,57.0,33.65,47.0,11.5,108.0,21.0,13.0,3.07,2.38,6.48,1.0,1.0,9.0,51.0,0.0,0.0
8476434,2025,John Gibson,DET,G,5on4,24,5584.0,1.38,2.0,21.0,0.79,1.0,1.9,0.0,12.4,15.0,3.15,1.0,4.16,5.0,8.34,9.0,1.36,8.0,8.0,1.0,0.18,0.91,0.29,0.0,2.0,0.0,4.0,0.0,0.0
8479193,2025,Casey DeSmith,DAL,G,other,15,1326.0,2.69,4.0,33.0,1.46,3.0,4.29,3.0,20.41,23.0,0.41,0.0,11.84,9.0,6.99,9.0,1.85,16.0,11.0,1.0,0.59,1.26,0.84,0.0,3.0,1.0,5.0,0.0,0.0
8479193,2025,Casey DeSmith,DAL,G,all,15,54677.0,46.44,37.0,874.0,32.55,66.0,113.86,102.0,466.61,420.0,13.22,1.0,250.41,195.0,177.86,237.0,42.24,461.0,125.0,51.0,13.79,15.36,17.29,13.0,13.0,11.0,237.0,2.0,1.0
8479193,2025,Casey DeSmith,DAL,G,5on5,15,44192.0,30.29,25.0,687.0,22.78,45.0,90.56,81.0,353.39,310.0,9.99,0.0,191.72,156.0,139.59,180.0,29.15,375.0,82.0,30.0,11.21,9.93,9.14,13.0,7.0,5.0,200.0,2.0,1.0
8479193,2025,Casey DeSmith,DAL,G,4on5,15,4816.0,11.92,8.0,132.0,7.55,16.0,16.69,13.0,77.22,69.0,0.34,0.0,41.94,29.0,21.3,36.0,9.72,58.0,25.0,19.0,1.63,3.25,7.05,0.0,3.0,5.0,30.0,0.0,0.0
8479193,2025,Casey DeSmith,DAL,G,5on4,15,4343.0,0.99,0.0,18.0,0.55,0.0,1.59,4.0,12.28,15.0,2.33,1.0,3.76,1.0,8.76,11.0,0.98,10.0,6.0,0.0,0.27,0.73,0.0,0.0,0.0,0.0,2.0,0.0,0.0
8475311,2025,Darcy Kuemper,LAK,G,other,25,1515.0,4.33,3.0,62.0,2.75,0.0,8.46,7.0,37.02,35.0,1.3,1.0,22.68,24.0,11.46,17.0,3.13,26.0,23.0,2.0,1.09,2.65,0.59,2.0,1.0,0.0,11.0,0.0,0.0
8475311,2025,Darcy Kuemper,LAK,G,all,25,88057.0,65.48,57.0,1329.0,49.23,68.0,170.08,135.0,711.58,639.0,26.62,1.0,378.41,335.0,276.97,369.0,61.08,700.0,201.0,63.0,20.89,24.33,20.27,23.0,21.0,13.0,365.0,4.0,2.0
8475311,2025,Darcy Kuemper,LAK,G,5on5,25,72192.0,43.61,35.0,1063.0,35.36,54.0,134.74,108.0,542.83,479.0,21.04,0.0,289.67,261.0,219.49,283.0,42.3,569.0,130.0,42.0,16.68,15.98,10.95,17.0,13.0,5.0,322.0,4.0,2.0
8475311,2025,Darcy Kuemper,LAK,G,4on5,25,7289.0,14.55,16.0,162.0,9.53,14.0,22.34,14.0,103.07,99.0,0.58,0.0,55.27,43.0,28.79,47.0,12.89,80.0,37.0,17.0,2.01,4.43,8.11,3.0,5.0,8.0,28.0,0.0,0.0
8475311,2025,Darcy Kuemper,LAK,G,5on4,25,7061.0,1.84,2.0,30.0,0.92,0.0,3.02,3.0,20.32,18.0,3.6,0.0,6.29,3.0,14.36,19.0,1.84,20.0,6.0,1.0,0.78,0.66,0.4,1.0,1.0,0.0,3.0,0.0,0.0
8480947,2025,Kevin Lankinen,VAN,G,other,20,1360.0,4.36,4.0,63.0,2.87,7.0,8.48,8.0,39.41,32.0,0.56,0.0,19.78,16.0,15.15,17.0,4.16,32.0,15.0,5.0,1.16,1.9,1.31,0.0,2.0,2.0,11.0,0.0,0.0
8480947,2025,Kevin Lankinen,VAN,G,all,20,70416.0,63.58,66.0,1157.0,44.23,84.0,155.6,121.0,641.05,570.0,20.61,1.0,332.21,283.0,240.27,303.0,60.63,618.0,171.0,68.0,18.4,22.48,22.69,25.0,22.0,19.0,300.0,2.0,1.0
8480947,2025,Kevin Lankinen,VAN,G,5on5,20,57999.0,43.9,42.0,927.0,33.73,65.0,128.02,97.0,504.53,445.0,15.49,1.0,262.92,229.0,191.75,244.0,42.1,502.0,134.0,41.0,14.94,17.86,11.09,20.0,16.0,6.0,250.0,2.0,1.0
8480947,2025,Kevin Lankinen,VAN,G,4on5,20,5215.0,13.66,17.0,140.0,6.76,10.0,16.26,13.0,79.8,73.0,0.62,0.0,43.29,37.0,22.52,28.0,12.77,67.0,18.0,20.0,1.77,2.16,9.74,3.0,3.0,11.0,35.0,0.0,0.0
8480947,2025,Kevin Lankinen,VAN,G,5on4,20,5842.0,1.14,1.0,20.0,0.62,0.0,1.94,2.0,12.88,14.0,3.89,0.0,4.18,0.0,8.7,14.0,1.12,13.0,2.0,2.0,0.35,0.23,0.56,1.0,0.0,0.0,3.0,0.0,0.0
8476883,2025,Andrei Vasilevskiy,TBL,G,other,25,2245.0,2.82,2.0,53.0,2.53,6.0,6.74,3.0,28.23,27.0,0.53,0.0,16.03,15.0,8.7,12.0,2.77,23.0,13.0,2.0,0.75,1.45,0.62,1.0,1.0,0.0,15.0,0.0,0.0
8476883,2025,Andrei Vasilevskiy,TBL,G,all,25,88624.0,68.42,58.0,1322.0,49.83,92.0,173.72,129.0,720.71,652.0,24.89,0.0,380.83,324.0,277.81,369.0,64.85,709.0,190.0,76.0,20.98,23.58,23.86,22.0,15.0,21.0,347.0,4.0,1.0
8476883,2025,Andrei Vasilevskiy,TBL,G,5on5,25,70176.0,46.06,40.0,1002.0,34.57,65.0,136.23,105.0,540.92,489.0,20.0,0.0,286.25,238.0,215.72,287.0,44.16,563.0,127.0,47.0,16.73,15.98,13.35,20.0,7.0,13.0,265.0,4.0,1.0
8476883,2025,Andrei Vasilevskiy,TBL,G,4on5,25,7857.0,15.59,12.0,218.0,11.26,15.0,25.66,20.0,121.37,104.0,0.41,0.0,68.86,64.0,35.55,49.0,14.31,97.0,44.0,20.0,2.57,5.29,7.74,0.0,5.0,7.0,57.0,0.0,0.0
8476883,2025,Andrei Vasilevskiy,TBL,G,5on4,25,8346.0,1.87,2.0,33.0,0.86,1.0,3.05,1.0,20.49,23.0,3.75,0.0,6.32,5.0,14.32,18.0,1.85,22.0,2.0,3.0,0.71,0.29,0.87,1.0,0.0,1.0,6.0,0.0,0.0
8482761,2025,Carl Lindbom,VGK,G,other,7,541.0,0.72,2.0,18.0,0.81,0.0,2.11,4.0,10.9,10.0,0.09,0.0,5.66,5.0,4.37,3.0,0.7,11.0,3.0,0.0,0.37,0.35,0.0,0.0,2.0,0.0,4.0,0.0,0.0
8482761,2025,Carl Lindbom,VGK,G,all,7,25243.0,17.68,22.0,384.0,13.87,19.0,48.89,40.0,200.81,169.0,6.6,0.0,106.9,96.0,76.73,94.0,17.18,210.0,45.0,16.0,6.49,5.46,5.74,8.0,6.0,8.0,113.0,0.0,0.0
8482761,2025,Carl Lindbom,VGK,G,5on5,7,20495.0,12.25,16.0,296.0,9.87,16.0,38.09,26.0,151.48,124.0,5.31,0.0,80.88,74.0,59.61,74.0,11.88,162.0,33.0,11.0,5.08,3.93,3.24,8.0,4.0,4.0,90.0,0.0,0.0
8482761,2025,Carl Lindbom,VGK,G,4on5,7,2007.0,4.24,4.0,63.0,2.93,3.0,7.98,10.0,34.0,31.0,0.07,0.0,19.02,17.0,9.66,11.0,4.14,33.0,7.0,5.0,0.93,0.82,2.5,0.0,0.0,4.0,18.0,0.0,0.0
8482761,2025,Carl Lindbom,VGK,G,5on4,7,2200.0,0.47,0.0,7.0,0.26,0.0,0.71,0.0,4.43,4.0,1.14,0.0,1.34,0.0,3.09,6.0,0.47,4.0,2.0,0.0,0.11,0.36,0.0,0.0,0.0,0.0,1.0,0.0,0.0
8479496,2025,David Rittich,NYI,G,other,18,2345.0,4.86,5.0,66.0,2.71,2.0,7.67,6.0,38.3,32.0,0.95,0.0,21.14,21.0,13.36,16.0,4.34,28.0,17.0,6.0,1.19,2.12,1.55,2.0,3.0,0.0,15.0,0.0,0.0
8479496,2025,David Rittich,NYI,G,all,18,65255.0,56.01,45.0,1072.0,41.06,63.0,141.55,101.0,584.12,484.0,18.74,0.0,305.88,288.0,222.19,287.0,52.96,557.0,164.0,65.0,16.52,20.49,18.99,15.0,21.0,9.0,286.0,0.0,0.0
8479496,2025,David Rittich,NYI,G,5on5,18,53792.0,40.13,31.0,852.0,29.64,48.0,113.35,84.0,445.04,372.0,14.98,0.0,231.62,218.0,173.31,221.0,38.39,440.0,118.0,45.0,13.42,14.68,12.03,13.0,15.0,3.0,249.0,0.0,0.0
8479496,2025,David Rittich,NYI,G,4on5,18,4212.0,9.07,7.0,130.0,7.78,10.0,17.53,11.0,82.35,68.0,0.33,0.0,47.69,44.0,24.34,37.0,8.31,77.0,19.0,13.0,1.63,2.25,5.19,0.0,2.0,5.0,21.0,0.0,0.0
8479496,2025,David Rittich,NYI,G,5on4,18,4906.0,1.85,2.0,22.0,0.84,3.0,2.74,0.0,17.04,11.0,2.3,0.0,4.7,5.0,10.38,11.0,1.82,10.0,10.0,1.0,0.19,1.45,0.22,0.0,1.0,1.0,1.0,0.0,0.0
8483710,2025,Dennis Hildeby,TOR,G,other,15,1110.0,4.25,2.0,39.0,1.53,2.0,3.99,2.0,21.42,19.0,0.31,0.0,11.0,14.0,7.48,9.0,3.74,15.0,6.0,8.0,0.69,0.64,2.92,1.0,0.0,1.0,10.0,0.0,0.0
8483710,2025,Dennis Hildeby,TOR,G,all,15,44723.0,40.55,36.0,830.0,31.43,50.0,112.59,87.0,451.58,409.0,11.55,1.0,242.99,230.0,175.93,214.0,38.42,468.0,107.0,44.0,13.95,12.77,13.84,18.0,13.0,5.0,211.0,0.0,0.0
8483710,2025,Dennis Hildeby,TOR,G,5on5,15,36713.0,28.62,27.0,663.0,22.92,35.0,90.71,76.0,352.57,314.0,8.99,1.0,187.71,167.0,140.01,175.0,27.39,372.0,81.0,29.0,10.9,9.86,7.86,15.0,11.0,1.0,181.0,0.0,0.0
8483710,2025,Dennis Hildeby,TOR,G,4on5,15,3063.0,6.85,5.0,111.0,6.39,13.0,16.08,8.0,67.78,62.0,0.15,0.0,40.34,46.0,21.95,22.0,6.47,71.0,16.0,7.0,2.01,1.78,3.06,1.0,1.0,3.0,17.0,0.0,0.0
8483710,2025,Dennis Hildeby,TOR,G,5on4,15,3837.0,0.56,0.0,12.0,0.41,0.0,1.2,1.0,6.7,10.0,2.06,0.0,2.64,2.0,4.92,7.0,0.56,7.0,3.0,0.0,0.19,0.37,0.0,0.0,0.0,0.0,2.0,0.0,0.0
8480843,2025,Lukas Dostal,ANA,G,other,26,2599.0,5.78,3.0,66.0,2.78,6.0,7.27,3.0,35.73,31.0,1.12,0.0,18.46,16.0,12.39,20.0,5.21,19.0,23.0,6.0,0.9,2.82,2.06,2.0,1.0,0.0,18.0,0.0,0.0
8480843,2025,Lukas Dostal,ANA,G,all,26,89321.0,75.17,80.0,1490.0,56.17,79.0,196.18,162.0,807.33,705.0,28.57,2.0,431.56,382.0,310.66,390.0,71.62,794.0,232.0,71.0,24.41,27.77,23.0,29.0,35.0,16.0,393.0,2.0,1.0
8480843,2025,Lukas Dostal,ANA,G,5on5,26,72312.0,51.72,57.0,1197.0,42.34,58.0,163.0,137.0,644.49,555.0,22.15,1.0,342.89,307.0,253.53,312.0,49.62,662.0,173.0,40.0,20.76,20.71,10.25,25.0,27.0,5.0,322.0,2.0,1.0
8480843,2025,Lukas Dostal,ANA,G,4on5,26,7102.0,15.21,18.0,203.0,10.09,14.0,23.27,21.0,109.7,100.0,0.96,0.0,65.01,52.0,34.53,47.0,14.46,102.0,29.0,21.0,2.43,3.26,9.53,2.0,5.0,11.0,51.0,0.0,0.0
8480843,2025,Lukas Dostal,ANA,G,5on4,26,7308.0,1.59,1.0,20.0,0.71,0.0,2.05,1.0,13.96,16.0,4.33,1.0,4.19,7.0,9.04,9.0,1.56,11.0,5.0,2.0,0.32,0.75,0.52,0.0,1.0,0.0,2.0,0.0,0.0
8477465,2025,Tristan Jarry,EDM,G,other,17,1424.0,5.48,3.0,66.0,2.94,7.0,6.85,6.0,37.69,32.0,0.43,0.0,23.5,23.0,9.88,10.0,4.64,28.0,16.0,6.0,1.24,2.14,2.1,1.0,2.0,0.0,16.0,0.0,0.0
8477465,2025,Tristan Jarry,EDM,G,all,17,58008.0,49.71,44.0,985.0,37.0,55.0,123.43,94.0,520.88,467.0,17.14,4.0,283.46,269.0,196.94,243.0,46.99,504.0,157.0,47.0,16.56,19.1,14.05,22.0,17.0,5.0,277.0,0.0,0.0
8477465,2025,Tristan Jarry,EDM,G,5on5,17,48463.0,34.35,31.0,755.0,25.93,42.0,98.31,78.0,392.13,352.0,13.98,4.0,206.8,188.0,153.66,191.0,33.0,398.0,100.0,34.0,12.44,12.3,9.61,17.0,10.0,4.0,223.0,0.0,0.0
8477465,2025,Tristan Jarry,EDM,G,4on5,17,4785.0,8.7,9.0,146.0,7.45,5.0,16.04,9.0,77.95,67.0,0.21,0.0,48.66,50.0,24.44,35.0,8.21,65.0,37.0,6.0,2.33,4.26,2.11,3.0,5.0,1.0,38.0,0.0,0.0
8477465,2025,Tristan Jarry,EDM,G,5on4,17,3336.0,1.18,1.0,18.0,0.68,1.0,2.23,1.0,13.12,16.0,2.52,0.0,4.5,8.0,8.96,7.0,1.15,13.0,4.0,1.0,0.55,0.4,0.23,1.0,0.0,0.0,0.0,0.0,0.0
8481519,2025,Spencer Knight,CHI,G,other,29,2695.0,5.57,9.0,78.0,3.12,3.0,8.27,5.0,42.55,40.0,1.28,0.0,22.65,13.0,15.93,27.0,5.45,32.0,19.0,6.0,1.14,2.4,2.03,4.0,1.0,4.0,21.0,0.0,0.0
8481519,2025,Spencer Knight,CHI,G,all,29,103812.0,83.97,75.0,1676.0,68.19,105.0,228.09,170.0,944.04,835.0,26.86,4.0,499.98,443.0,362.85,480.0,80.19,945.0,246.0,84.0,26.36,30.09,27.52,34.0,25.0,16.0,401.0,0.0,0.0
8481519,2025,Spencer Knight,CHI,G,5on5,29,85716.0,61.14,54.0,1351.0,50.49,72.0,186.86,142.0,749.95,660.0,22.33,3.0,399.2,368.0,297.06,382.0,59.13,770.0,196.0,54.0,21.95,23.84,15.35,29.0,20.0,5.0,331.0,0.0,0.0
8481519,2025,Spencer Knight,CHI,G,4on5,29,8439.0,15.3,12.0,219.0,13.55,29.0,30.12,20.0,132.07,114.0,0.51,0.0,71.45,57.0,37.01,54.0,13.69,124.0,27.0,21.0,2.66,3.31,9.33,1.0,4.0,7.0,47.0,0.0,0.0
8481519,2025,Spencer Knight,CHI,G,5on4,29,6962.0,1.83,0.0,26.0,0.97,1.0,2.56,3.0,18.06,21.0,2.7,1.0,5.94,3.0,12.11,17.0,1.8,17.0,4.0,3.0,0.48,0.54,0.81,0.0,0.0,0.0,2.0,0.0,0.0
8479292,2025,Charlie Lindgren,WSH,G,other,13,1324.0,1.63,0.0,22.0,0.76,1.0,2.55,4.0,12.26,11.0,0.79,0.0,6.79,8.0,3.92,3.0,1.41,12.0,2.0,2.0,0.41,0.27,0.95,0.0,0.0,0.0,6.0,0.0,0.0
8479292,2025,Charlie Lindgren,WSH,G,all,13,45794.0,39.57,39.0,721.0,26.44,38.0,89.5,79.0,384.99,345.0,13.98,0.0,207.36,180.0,149.26,189.0,36.95,366.0,124.0,35.0,11.24,14.26,14.06,11.0,14.0,14.0,196.0,2.0,1.0
8479292,2025,Charlie Lindgren,WSH,G,5on5,13,37277.0,24.84,23.0,562.0,18.92,26.0,70.87,57.0,289.71,253.0,11.69,0.0,155.81,138.0,115.77,152.0,24.04,290.0,87.0,19.0,8.78,10.07,5.99,8.0,10.0,5.0,166.0,2.0,1.0
8479292,2025,Charlie Lindgren,WSH,G,4on5,13,3863.0,11.17,14.0,113.0,5.85,11.0,13.38,16.0,67.29,62.0,0.22,0.0,38.5,32.0,19.89,18.0,9.6,54.0,24.0,13.0,1.62,2.69,6.86,2.0,3.0,9.0,22.0,0.0,0.0
8479292,2025,Charlie Lindgren,WSH,G,5on4,13,3330.0,1.31,1.0,16.0,0.62,0.0,1.66,0.0,11.25,13.0,1.28,0.0,3.83,0.0,8.2,15.0,1.31,7.0,8.0,1.0,0.21,0.84,0.26,0.0,1.0,0.0,0.0,0.0,0.0
8482076,2025,Nico Daws,NJD,G,other,1,31.0,0.0,0.0,0.0,0.0,0.0,0.0,0.0,0.0,0.0,0.02,0.0,0.0,0.0,0.0,0.0,0.0,0.0,0.0,0.0,0.0,0.0,0.0,0.0,0.0,0.0,0.0,0.0,0.0
8482076,2025,Nico Daws,NJD,G,all,1,3600.0,3.06,1.0,68.0,2.8,8.0,8.1,4.0,33.66,31.0,1.11,0.0,16.73,18.0,12.19,13.0,2.77,32.0,6.0,6.0,0.76,0.73,1.57,1.0,0.0,0.0,24.0,0.0,0.0
8482076,2025,Nico Daws,NJD,G,5on5,1,3085.0,2.96,1.0,55.0,2.16,7.0,6.63,3.0,27.64,26.0,0.97,0.0,13.22,15.0,10.13,10.0,2.68,24.0,6.0,6.0,0.66,0.73,1.57,1.0,0.0,0.0,19.0,0.0,0.0
8482076,2025,Nico Daws,NJD,G,4on5,1,360.0,0.1,0.0,13.0,0.64,1.0,1.47,1.0,6.02,5.0,0.02,0.0,3.51,3.0,2.06,3.0,0.1,8.0,0.0,0.0,0.1,0.0,0.0,0.0,0.0,0.0,5.0,0.0,0.0
8482076,2025,Nico Daws,NJD,G,5on4,1,124.0,0.0,0.0,0.0,0.0,0.0,0.0,0.0,0.0,0.0,0.11,0.0,0.0,0.0,0.0,0.0,0.0,0.0,0.0,0.0,0.0,0.0,0.0,0.0,0.0,0.0,0.0,0.0,0.0
8478024,2025,Ville Husso,ANA,G,other,9,370.0,2.14,1.0,26.0,1.26,0.0,3.4,2.0,18.63,16.0,0.4,0.0,9.03,11.0,7.62,10.0,2.11,13.0,9.0,2.0,0.57,1.03,0.54,0.0,1.0,0.0,2.0,0.0,0.0
8478024,2025,Ville Husso,ANA,G,all,9,28838.0,22.75,26.0,468.0,16.47,26.0,59.23,37.0,244.0,224.0,9.61,0.0,131.61,135.0,93.92,107.0,21.98,243.0,64.0,25.0,7.64,7.51,7.61,10.0,10.0,6.0,136.0,2.0,1.0
8478024,2025,Ville Husso,ANA,G,5on5,9,23970.0,16.99,21.0,370.0,12.4,25.0,47.76,31.0,190.61,176.0,7.95,0.0,101.77,98.0,73.83,83.0,16.39,193.0,45.0,21.0,5.69,5.24,6.06,8.0,8.0,5.0,111.0,2.0,1.0
8478024,2025,Ville Husso,ANA,G,4on5,9,2156.0,3.48,4.0,66.0,2.69,1.0,7.41,4.0,31.01,28.0,0.23,0.0,19.67,24.0,9.66,11.0,3.33,32.0,10.0,2.0,1.23,1.24,1.01,2.0,1.0,1.0,22.0,0.0,0.0
8478024,2025,Ville Husso,ANA,G,5on4,9,2342.0,0.15,0.0,6.0,0.12,0.0,0.67,0.0,3.75,4.0,1.02,0.0,1.14,2.0,2.81,3.0,0.15,5.0,0.0,0.0,0.15,0.0,0.0,0.0,0.0,0.0,1.0,0.0,0.0
8481033,2025,Akira Schmid,VGK,G,other,21,2052.0,5.35,8.0,69.0,3.08,2.0,8.54,5.0,43.89,39.0,0.83,0.0,22.82,24.0,15.85,18.0,5.18,34.0,17.0,6.0,1.42,2.35,1.59,2.0,4.0,2.0,12.0,0.0,0.0
8481033,2025,Akira Schmid,VGK,G,all,21,72850.0,49.16,51.0,1143.0,38.6,60.0,143.71,104.0,579.24,479.0,21.22,1.0,316.63,310.0,229.68,272.0,47.23,620.0,125.0,53.0,17.88,15.83,15.45,23.0,13.0,15.0,345.0,0.0,0.0
8481033,2025,Akira Schmid,VGK,G,5on5,21,61678.0,36.62,35.0,958.0,30.49,53.0,122.07,88.0,471.59,382.0,17.09,1.0,260.12,258.0,188.83,220.0,35.14,527.0,90.0,38.0,14.71,11.3,10.6,20.0,7.0,8.0,303.0,0.0,0.0
8481033,2025,Akira Schmid,VGK,G,4on5,21,4343.0,6.11,6.0,96.0,4.25,4.0,10.71,9.0,49.75,45.0,0.32,0.0,28.93,25.0,15.49,23.0,5.82,45.0,13.0,9.0,1.29,1.56,3.26,1.0,0.0,5.0,29.0,0.0,0.0
8481033,2025,Akira Schmid,VGK,G,5on4,21,4777.0,0.88,1.0,16.0,0.62,1.0,1.9,0.0,11.56,10.0,2.92,0.0,3.84,3.0,8.36,11.0,0.88,12.0,4.0,0.0,0.38,0.5,0.0,0.0,1.0,0.0,0.0,0.0,0.0
8474593,2025,Jacob Markstrom,NJD,G,other,21,1718.0,6.17,3.0,75.0,2.99,5.0,6.88,6.0,34.88,30.0,0.58,0.0,21.35,23.0,8.19,10.0,5.04,19.0,21.0,7.0,0.8,2.64,2.73,0.0,2.0,1.0,28.0,0.0,0.0
8474593,2025,Jacob Markstrom,NJD,G,all,21,69823.0,57.81,62.0,1143.0,42.69,62.0,144.46,136.0,601.1,556.0,20.46,2.0,329.67,282.0,228.05,281.0,54.9,600.0,162.0,61.0,18.35,19.71,19.74,35.0,11.0,16.0,320.0,6.0,3.0
8474593,2025,Jacob Markstrom,NJD,G,5on5,21,58459.0,39.51,40.0,895.0,31.33,45.0,117.97,108.0,471.37,428.0,16.45,2.0,254.8,219.0,187.74,235.0,38.28,490.0,118.0,39.0,14.44,14.26,10.8,27.0,6.0,7.0,248.0,6.0,3.0
8474593,2025,Jacob Markstrom,NJD,G,4on5,21,4558.0,11.25,18.0,160.0,7.95,12.0,18.63,21.0,86.41,90.0,0.42,0.0,50.96,38.0,26.18,29.0,10.69,84.0,20.0,14.0,2.86,2.43,5.96,8.0,2.0,8.0,42.0,0.0,0.0
8474593,2025,Jacob Markstrom,NJD,G,5on4,21,5088.0,0.72,0.0,12.0,0.38,0.0,0.87,1.0,7.56,7.0,3.01,0.0,2.28,2.0,5.57,7.0,0.72,7.0,2.0,1.0,0.26,0.22,0.24,0.0,0.0,0.0,2.0,0.0,0.0
8478916,2025,Joey Daccord,SEA,G,other,25,2145.0,3.25,2.0,54.0,2.08,6.0,5.86,3.0,26.54,14.0,0.93,0.0,14.96,14.0,8.82,11.0,3.07,24.0,6.0,6.0,1.06,0.7,1.49,1.0,0.0,1.0,18.0,0.0,0.0
8478916,2025,Joey Daccord,SEA,G,all,25,86984.0,68.5,67.0,1501.0,53.93,88.0,193.45,169.0,784.02,683.0,22.48,0.0,429.01,377.0,308.21,377.0,65.76,824.0,185.0,71.0,22.82,22.55,23.12,23.0,25.0,19.0,421.0,2.0,1.0
8478916,2025,Joey Daccord,SEA,G,5on5,25,72533.0,47.54,41.0,1199.0,40.87,64.0,158.37,146.0,617.51,550.0,17.45,0.0,339.84,301.0,250.07,304.0,46.09,679.0,138.0,41.0,18.76,17.08,11.7,21.0,14.0,6.0,341.0,2.0,1.0
8478916,2025,Joey Daccord,SEA,G,4on5,25,5561.0,14.29,20.0,201.0,9.24,12.0,23.74,19.0,108.86,95.0,0.14,0.0,62.97,50.0,32.27,45.0,13.59,98.0,28.0,20.0,2.29,3.11,8.89,1.0,8.0,11.0,55.0,0.0,0.0
8478916,2025,Joey Daccord,SEA,G,5on4,25,6745.0,1.42,3.0,24.0,0.7,2.0,2.45,1.0,17.15,13.0,3.44,0.0,5.07,5.0,11.84,11.0,1.34,17.0,3.0,2.0,0.48,0.38,0.56,0.0,2.0,1.0,2.0,0.0,0.0
8477405,2025,Marcus Hogberg,NYI,G,other,1,0.0,0.0,0.0,0.0,0.0,0.0,0.0,0.0,0.0,0.0,0.0,0.0,0.0,0.0,0.0,0.0,0.0,0.0,0.0,0.0,0.0,0.0,0.0,0.0,0.0,0.0,0.0,0.0,0.0
8477405,2025,Marcus Hogberg,NYI,G,all,1,809.0,0.37,2.0,13.0,0.44,0.0,1.64,2.0,6.16,7.0,0.11,0.0,3.22,2.0,2.12,2.0,0.37,7.0,1.0,0.0,0.23,0.14,0.0,1.0,1.0,0.0,5.0,0.0,0.0
8477405,2025,Marcus Hogberg,NYI,G,5on5,1,622.0,0.34,2.0,7.0,0.22,0.0,0.88,1.0,3.78,4.0,0.07,0.0,1.98,1.0,1.46,1.0,0.34,4.0,1.0,0.0,0.2,0.14,0.0,1.0,1.0,0.0,2.0,0.0,0.0
8477405,2025,Marcus Hogberg,NYI,G,4on5,1,120.0,0.03,0.0,6.0,0.21,0.0,0.76,1.0,2.38,3.0,0.0,0.0,1.24,1.0,0.66,1.0,0.03,3.0,0.0,0.0,0.03,0.0,0.0,0.0,0.0,0.0,3.0,0.0,0.0
8477405,2025,Marcus Hogberg,NYI,G,5on4,1,67.0,0.0,0.0,0.0,0.0,0.0,0.0,0.0,0.0,0.0,0.04,0.0,0.0,0.0,0.0,0.0,0.0,0.0,0.0,0.0,0.0,0.0,0.0,0.0,0.0,0.0,0.0,0.0,0.0
8477480,2025,Eric Comrie,WPG,G,other,16,1364.0,3.34,0.0,37.0,1.48,4.0,4.44,5.0,21.66,15.0,0.42,0.0,11.3,10.0,6.73,9.0,2.41,18.0,5.0,5.0,0.69,0.56,2.09,0.0,0.0,0.0,9.0,0.0,0.0
8477480,2025,Eric Comrie,WPG,G,all,16,52569.0,46.63,51.0,871.0,33.05,61.0,114.2,103.0,469.84,425.0,15.07,0.0,249.16,217.0,178.44,204.0,43.65,465.0,110.0,62.0,13.27,13.31,20.04,19.0,16.0,16.0,234.0,0.0,0.0
8477480,2025,Eric Comrie,WPG,G,5on5,16,43088.0,34.1,34.0,714.0,25.72,50.0,96.07,86.0,378.43,345.0,12.1,0.0,200.19,175.0,146.24,169.0,32.29,379.0,91.0,45.0,10.69,11.21,12.2,15.0,13.0,6.0,199.0,0.0,0.0
8477480,2025,Eric Comrie,WPG,G,4on5,16,3526.0,8.22,15.0,103.0,5.36,6.0,12.3,11.0,58.56,52.0,0.27,0.0,34.33,28.0,17.95,20.0,8.01,58.0,11.0,11.0,1.61,1.12,5.49,3.0,2.0,10.0,23.0,0.0,0.0
8477480,2025,Eric Comrie,WPG,G,5on4,16,4591.0,0.97,2.0,17.0,0.5,1.0,1.39,1.0,11.19,13.0,2.28,0.0,3.35,4.0,7.52,6.0,0.95,10.0,3.0,1.0,0.28,0.43,0.26,1.0,1.0,0.0,3.0,0.0,0.0
8483746,2025,Vyacheslav Buteyets,ANA,G,other,1,0.0,0.0,0.0,0.0,0.0,0.0,0.0,0.0,0.0,0.0,0.0,0.0,0.0,0.0,0.0,0.0,0.0,0.0,0.0,0.0,0.0,0.0,0.0,0.0,0.0,0.0,0.0,0.0,0.0
8483746,2025,Vyacheslav Buteyets,ANA,G,all,1,1200.0,1.61,3.0,23.0,0.84,1.0,3.42,3.0,14.62,13.0,0.28,0.0,7.07,5.0,5.6,7.0,1.6,14.0,4.0,1.0,0.48,0.44,0.69,1.0,1.0,1.0,4.0,0.0,0.0
8483746,2025,Vyacheslav Buteyets,ANA,G,5on5,1,1006.0,0.92,2.0,22.0,0.81,1.0,3.38,3.0,13.71,12.0,0.24,0.0,6.93,5.0,5.52,7.0,0.91,14.0,4.0,0.0,0.48,0.44,0.0,1.0,1.0,0.0,4.0,0.0,0.0
8483746,2025,Vyacheslav Buteyets,ANA,G,4on5,1,74.0,0.69,1.0,1.0,0.03,0.0,0.05,0.0,0.91,1.0,0.02,0.0,0.14,0.0,0.08,0.0,0.69,0.0,0.0,1.0,0.0,0.0,0.69,0.0,0.0,1.0,0.0,0.0,0.0
8483746,2025,Vyacheslav Buteyets,ANA,G,5on4,1,120.0,0.0,0.0,0.0,0.0,0.0,0.0,0.0,0.0,0.0,0.02,0.0,0.0,0.0,0.0,0.0,0.0,0.0,0.0,0.0,0.0,0.0,0.0,0.0,0.0,0.0,0.0,0.0,0.0
8482137,2025,Yaroslav Askarov,SJS,G,other,27,2153.0,4.28,5.0,64.0,2.48,3.0,6.33,9.0,31.06,31.0,0.8,0.0,18.16,12.0,10.62,14.0,3.97,28.0,9.0,6.0,1.08,1.29,1.9,1.0,2.0,2.0,21.0,0.0,0.0
8482137,2025,Yaroslav Askarov,SJS,G,all,27,87320.0,78.57,84.0,1596.0,63.17,113.0,207.49,144.0,865.94,791.0,21.78,0.0,468.33,446.0,332.18,390.0,73.84,872.0,221.0,86.0,25.58,27.44,25.55,35.0,29.0,20.0,417.0,0.0,0.0
8482137,2025,Yaroslav Askarov,SJS,G,5on5,27,69233.0,53.89,59.0,1202.0,42.97,76.0,161.36,109.0,644.55,588.0,16.08,0.0,347.11,336.0,253.97,301.0,51.41,669.0,156.0,56.0,18.91,19.54,15.44,29.0,19.0,11.0,321.0,0.0,0.0
8482137,2025,Yaroslav Askarov,SJS,G,4on5,27,8367.0,18.3,16.0,292.0,16.5,33.0,35.5,20.0,163.5,144.0,0.61,0.0,94.52,92.0,48.61,56.0,16.39,146.0,50.0,23.0,4.58,5.73,7.99,3.0,7.0,6.0,73.0,0.0,0.0
8482137,2025,Yaroslav Askarov,SJS,G,5on4,27,7567.0,1.89,4.0,36.0,1.1,1.0,4.01,5.0,25.19,26.0,4.16,0.0,7.92,5.0,18.26,19.0,1.85,28.0,5.0,1.0,0.95,0.7,0.23,2.0,1.0,1.0,2.0,0.0,0.0
8475660,2025,Cam Talbot,DET,G,other,21,1824.0,5.67,7.0,64.0,2.78,5.0,8.09,5.0,37.24,34.0,0.79,0.0,18.46,12.0,12.26,19.0,5.34,22.0,20.0,7.0,0.92,2.41,2.35,1.0,3.0,3.0,15.0,0.0,0.0
8475660,2025,Cam Talbot,DET,G,all,21,72143.0,54.42,60.0,1182.0,41.76,49.0,144.92,127.0,606.87,535.0,21.98,0.0,325.21,293.0,243.11,300.0,52.53,615.0,157.0,58.0,18.15,18.59,17.69,20.0,21.0,19.0,352.0,0.0,0.0
8475660,2025,Cam Talbot,DET,G,5on5,21,58814.0,39.73,42.0,942.0,31.81,40.0,118.48,109.0,479.31,423.0,16.41,0.0,257.73,240.0,193.39,226.0,38.59,506.0,108.0,43.0,14.99,12.88,11.87,17.0,14.0,11.0,285.0,0.0,0.0
8475660,2025,Cam Talbot,DET,G,4on5,21,4546.0,7.08,10.0,145.0,6.03,4.0,14.37,13.0,67.41,54.0,0.35,0.0,41.06,35.0,22.26,31.0,6.69,64.0,23.0,6.0,1.56,2.58,2.94,1.0,4.0,5.0,52.0,0.0,0.0
8475660,2025,Cam Talbot,DET,G,5on4,21,6959.0,1.72,1.0,26.0,0.97,0.0,3.23,0.0,19.42,21.0,4.28,0.0,6.28,4.0,13.16,21.0,1.69,19.0,5.0,2.0,0.56,0.61,0.54,1.0,0.0,0.0,0.0,0.0,0.0
8478406,2025,Mackenzie Blackwood,COL,G,other,15,1069.0,1.66,1.0,30.0,1.22,2.0,3.28,1.0,14.05,12.0,0.48,0.0,10.1,11.0,3.23,5.0,0.74,17.0,1.0,2.0,0.8,0.13,0.73,1.0,0.0,0.0,10.0,0.0,0.0
8478406,2025,Mackenzie Blackwood,COL,G,all,15,52209.0,39.96,30.0,834.0,31.85,62.0,109.5,75.0,444.82,394.0,18.48,0.0,239.76,229.0,167.52,206.0,36.2,463.0,91.0,50.0,13.54,11.3,15.11,11.0,10.0,9.0,230.0,0.0,0.0
8478406,2025,Mackenzie Blackwood,COL,G,5on5,15,42437.0,28.12,20.0,654.0,22.3,44.0,87.87,62.0,345.12,302.0,14.98,0.0,184.32,174.0,135.65,168.0,26.34,368.0,72.0,30.0,10.31,9.22,8.58,5.0,9.0,6.0,184.0,0.0,0.0
8478406,2025,Mackenzie Blackwood,COL,G,4on5,15,4586.0,9.28,6.0,132.0,7.7,16.0,16.38,12.0,73.54,66.0,0.56,0.0,41.29,43.0,20.54,21.0,8.23,65.0,15.0,18.0,1.9,1.58,5.81,2.0,1.0,3.0,34.0,0.0,0.0
8478406,2025,Mackenzie Blackwood,COL,G,5on4,15,4117.0,0.71,2.0,15.0,0.47,0.0,1.55,0.0,9.84,11.0,2.43,0.0,2.95,1.0,7.04,10.0,0.71,11.0,2.0,0.0,0.42,0.29,0.0,2.0,0.0,0.0,2.0,0.0,0.0
8482515,2025,Artur Akhtyamov,TOR,G,other,1,0.0,0.0,0.0,0.0,0.0,0.0,0.0,0.0,0.0,0.0,0.0,0.0,0.0,0.0,0.0,0.0,0.0,0.0,0.0,0.0,0.0,0.0,0.0,0.0,0.0,0.0,0.0,0.0,0.0
8482515,2025,Artur Akhtyamov,TOR,G,all,1,632.0,0.29,0.0,11.0,0.27,0.0,1.68,1.0,6.25,5.0,0.21,0.0,2.9,1.0,2.67,6.0,0.29,7.0,1.0,0.0,0.21,0.09,0.0,0.0,0.0,0.0,3.0,0.0,0.0
8482515,2025,Artur Akhtyamov,TOR,G,5on5,1,632.0,0.29,0.0,11.0,0.27,0.0,1.68,1.0,6.25,5.0,0.21,0.0,2.9,1.0,2.67,6.0,0.29,7.0,1.0,0.0,0.21,0.09,0.0,0.0,0.0,0.0,3.0,0.0,0.0
8482515,2025,Artur Akhtyamov,TOR,G,4on5,1,0.0,0.0,0.0,0.0,0.0,0.0,0.0,0.0,0.0,0.0,0.0,0.0,0.0,0.0,0.0,0.0,0.0,0.0,0.0,0.0,0.0,0.0,0.0,0.0,0.0,0.0,0.0,0.0,0.0
8482515,2025,Artur Akhtyamov,TOR,G,5on4,1,0.0,0.0,0.0,0.0,0.0,0.0,0.0,0.0,0.0,0.0,0.0,0.0,0.0,0.0,0.0,0.0,0.0,0.0,0.0,0.0,0.0,0.0,0.0,0.0,0.0,0.0,0.0,0.0,0.0
